model,dataset,shallow_exit,deep_exit,cluster,cluster_pairs,depth_gain,source_id,source_path,source_sha256,json_path
Ouro-2.6B,2Wiki,1,3,composer -> country of citizenship,4,4.607836693525314,ouro_2wiki_bridge,reports/discovery/ouro26_2wiki_bridge_validation_v1_20260905T172500Z/merged.json,04c2beadecdca18563224200c8bfef26d237f40c142efdc387536ba0a56353cd,summary.descriptive.D3_G31_F3_per_relation_path_no_additional_gates.composer -> country of citizenship.G31
Ouro-2.6B,2Wiki,1,3,composer -> place of birth,4,4.501798614859581,ouro_2wiki_bridge,reports/discovery/ouro26_2wiki_bridge_validation_v1_20260905T172500Z/merged.json,04c2beadecdca18563224200c8bfef26d237f40c142efdc387536ba0a56353cd,summary.descriptive.D3_G31_F3_per_relation_path_no_additional_gates.composer -> place of birth.G31
Ouro-2.6B,2Wiki,1,3,composer -> place of death,4,3.6769922971725464,ouro_2wiki_bridge,reports/discovery/ouro26_2wiki_bridge_validation_v1_20260905T172500Z/merged.json,04c2beadecdca18563224200c8bfef26d237f40c142efdc387536ba0a56353cd,summary.descriptive.D3_G31_F3_per_relation_path_no_additional_gates.composer -> place of death.G31
Ouro-2.6B,2Wiki,1,3,director -> award received,4,3.6022654473781586,ouro_2wiki_bridge,reports/discovery/ouro26_2wiki_bridge_validation_v1_20260905T172500Z/merged.json,04c2beadecdca18563224200c8bfef26d237f40c142efdc387536ba0a56353cd,summary.descriptive.D3_G31_F3_per_relation_path_no_additional_gates.director -> award received.G31
Ouro-2.6B,2Wiki,1,3,director -> child,4,2.35089373588562,ouro_2wiki_bridge,reports/discovery/ouro26_2wiki_bridge_validation_v1_20260905T172500Z/merged.json,04c2beadecdca18563224200c8bfef26d237f40c142efdc387536ba0a56353cd,summary.descriptive.D3_G31_F3_per_relation_path_no_additional_gates.director -> child.G31
Ouro-2.6B,2Wiki,1,3,director -> country of citizenship,4,4.727546691894531,ouro_2wiki_bridge,reports/discovery/ouro26_2wiki_bridge_validation_v1_20260905T172500Z/merged.json,04c2beadecdca18563224200c8bfef26d237f40c142efdc387536ba0a56353cd,summary.descriptive.D3_G31_F3_per_relation_path_no_additional_gates.director -> country of citizenship.G31
Ouro-2.6B,2Wiki,1,3,director -> educated at,4,3.743655651807785,ouro_2wiki_bridge,reports/discovery/ouro26_2wiki_bridge_validation_v1_20260905T172500Z/merged.json,04c2beadecdca18563224200c8bfef26d237f40c142efdc387536ba0a56353cd,summary.descriptive.D3_G31_F3_per_relation_path_no_additional_gates.director -> educated at.G31
Ouro-2.6B,2Wiki,1,3,director -> employer,4,4.044538825750351,ouro_2wiki_bridge,reports/discovery/ouro26_2wiki_bridge_validation_v1_20260905T172500Z/merged.json,04c2beadecdca18563224200c8bfef26d237f40c142efdc387536ba0a56353cd,summary.descriptive.D3_G31_F3_per_relation_path_no_additional_gates.director -> employer.G31
Ouro-2.6B,2Wiki,1,3,director -> father,4,1.6943819224834442,ouro_2wiki_bridge,reports/discovery/ouro26_2wiki_bridge_validation_v1_20260905T172500Z/merged.json,04c2beadecdca18563224200c8bfef26d237f40c142efdc387536ba0a56353cd,summary.descriptive.D3_G31_F3_per_relation_path_no_additional_gates.director -> father.G31
Ouro-2.6B,2Wiki,1,3,director -> place of birth,4,3.605226010084152,ouro_2wiki_bridge,reports/discovery/ouro26_2wiki_bridge_validation_v1_20260905T172500Z/merged.json,04c2beadecdca18563224200c8bfef26d237f40c142efdc387536ba0a56353cd,summary.descriptive.D3_G31_F3_per_relation_path_no_additional_gates.director -> place of birth.G31
Ouro-2.6B,2Wiki,1,3,director -> place of death,4,3.9381734430789948,ouro_2wiki_bridge,reports/discovery/ouro26_2wiki_bridge_validation_v1_20260905T172500Z/merged.json,04c2beadecdca18563224200c8bfef26d237f40c142efdc387536ba0a56353cd,summary.descriptive.D3_G31_F3_per_relation_path_no_additional_gates.director -> place of death.G31
Ouro-2.6B,2Wiki,1,3,director -> spouse,4,2.37951397895813,ouro_2wiki_bridge,reports/discovery/ouro26_2wiki_bridge_validation_v1_20260905T172500Z/merged.json,04c2beadecdca18563224200c8bfef26d237f40c142efdc387536ba0a56353cd,summary.descriptive.D3_G31_F3_per_relation_path_no_additional_gates.director -> spouse.G31
Ouro-2.6B,2Wiki,1,3,father -> cause of death,4,2.074996769428253,ouro_2wiki_bridge,reports/discovery/ouro26_2wiki_bridge_validation_v1_20260905T172500Z/merged.json,04c2beadecdca18563224200c8bfef26d237f40c142efdc387536ba0a56353cd,summary.descriptive.D3_G31_F3_per_relation_path_no_additional_gates.father -> cause of death.G31
Ouro-2.6B,2Wiki,1,3,father -> country of citizenship,4,2.2260375022888184,ouro_2wiki_bridge,reports/discovery/ouro26_2wiki_bridge_validation_v1_20260905T172500Z/merged.json,04c2beadecdca18563224200c8bfef26d237f40c142efdc387536ba0a56353cd,summary.descriptive.D3_G31_F3_per_relation_path_no_additional_gates.father -> country of citizenship.G31
Ouro-2.6B,2Wiki,1,3,father -> educated at,4,1.8950490057468414,ouro_2wiki_bridge,reports/discovery/ouro26_2wiki_bridge_validation_v1_20260905T172500Z/merged.json,04c2beadecdca18563224200c8bfef26d237f40c142efdc387536ba0a56353cd,summary.descriptive.D3_G31_F3_per_relation_path_no_additional_gates.father -> educated at.G31
Ouro-2.6B,2Wiki,1,3,father -> place of birth,4,2.31956285238266,ouro_2wiki_bridge,reports/discovery/ouro26_2wiki_bridge_validation_v1_20260905T172500Z/merged.json,04c2beadecdca18563224200c8bfef26d237f40c142efdc387536ba0a56353cd,summary.descriptive.D3_G31_F3_per_relation_path_no_additional_gates.father -> place of birth.G31
Ouro-2.6B,2Wiki,1,3,father -> place of burial,4,2.0425499081611633,ouro_2wiki_bridge,reports/discovery/ouro26_2wiki_bridge_validation_v1_20260905T172500Z/merged.json,04c2beadecdca18563224200c8bfef26d237f40c142efdc387536ba0a56353cd,summary.descriptive.D3_G31_F3_per_relation_path_no_additional_gates.father -> place of burial.G31
Ouro-2.6B,2Wiki,1,3,father -> place of death,4,1.93740014731884,ouro_2wiki_bridge,reports/discovery/ouro26_2wiki_bridge_validation_v1_20260905T172500Z/merged.json,04c2beadecdca18563224200c8bfef26d237f40c142efdc387536ba0a56353cd,summary.descriptive.D3_G31_F3_per_relation_path_no_additional_gates.father -> place of death.G31
Ouro-2.6B,2Wiki,1,3,founded by -> place of birth,4,3.707422137260437,ouro_2wiki_bridge,reports/discovery/ouro26_2wiki_bridge_validation_v1_20260905T172500Z/merged.json,04c2beadecdca18563224200c8bfef26d237f40c142efdc387536ba0a56353cd,summary.descriptive.D3_G31_F3_per_relation_path_no_additional_gates.founded by -> place of birth.G31
Ouro-2.6B,2Wiki,1,3,mother -> country of citizenship,4,2.6049651205539703,ouro_2wiki_bridge,reports/discovery/ouro26_2wiki_bridge_validation_v1_20260905T172500Z/merged.json,04c2beadecdca18563224200c8bfef26d237f40c142efdc387536ba0a56353cd,summary.descriptive.D3_G31_F3_per_relation_path_no_additional_gates.mother -> country of citizenship.G31
Ouro-2.6B,2Wiki,1,3,mother -> place of birth,4,1.861568570137024,ouro_2wiki_bridge,reports/discovery/ouro26_2wiki_bridge_validation_v1_20260905T172500Z/merged.json,04c2beadecdca18563224200c8bfef26d237f40c142efdc387536ba0a56353cd,summary.descriptive.D3_G31_F3_per_relation_path_no_additional_gates.mother -> place of birth.G31
Ouro-2.6B,2Wiki,1,3,mother -> place of death,4,1.9314895570278168,ouro_2wiki_bridge,reports/discovery/ouro26_2wiki_bridge_validation_v1_20260905T172500Z/merged.json,04c2beadecdca18563224200c8bfef26d237f40c142efdc387536ba0a56353cd,summary.descriptive.D3_G31_F3_per_relation_path_no_additional_gates.mother -> place of death.G31
Ouro-2.6B,2Wiki,1,3,performer -> award received,4,3.6041815280914307,ouro_2wiki_bridge,reports/discovery/ouro26_2wiki_bridge_validation_v1_20260905T172500Z/merged.json,04c2beadecdca18563224200c8bfef26d237f40c142efdc387536ba0a56353cd,summary.descriptive.D3_G31_F3_per_relation_path_no_additional_gates.performer -> award received.G31
Ouro-2.6B,2Wiki,1,3,performer -> country of citizenship,4,5.271728605031967,ouro_2wiki_bridge,reports/discovery/ouro26_2wiki_bridge_validation_v1_20260905T172500Z/merged.json,04c2beadecdca18563224200c8bfef26d237f40c142efdc387536ba0a56353cd,summary.descriptive.D3_G31_F3_per_relation_path_no_additional_gates.performer -> country of citizenship.G31
Ouro-2.6B,2Wiki,1,3,performer -> place of birth,4,4.21222198009491,ouro_2wiki_bridge,reports/discovery/ouro26_2wiki_bridge_validation_v1_20260905T172500Z/merged.json,04c2beadecdca18563224200c8bfef26d237f40c142efdc387536ba0a56353cd,summary.descriptive.D3_G31_F3_per_relation_path_no_additional_gates.performer -> place of birth.G31
Ouro-2.6B,2Wiki,1,3,performer -> place of death,4,4.808916479349136,ouro_2wiki_bridge,reports/discovery/ouro26_2wiki_bridge_validation_v1_20260905T172500Z/merged.json,04c2beadecdca18563224200c8bfef26d237f40c142efdc387536ba0a56353cd,summary.descriptive.D3_G31_F3_per_relation_path_no_additional_gates.performer -> place of death.G31
Ouro-2.6B,2Wiki,1,3,spouse -> country of citizenship,4,2.8907794654369354,ouro_2wiki_bridge,reports/discovery/ouro26_2wiki_bridge_validation_v1_20260905T172500Z/merged.json,04c2beadecdca18563224200c8bfef26d237f40c142efdc387536ba0a56353cd,summary.descriptive.D3_G31_F3_per_relation_path_no_additional_gates.spouse -> country of citizenship.G31
Ouro-2.6B,2Wiki,1,3,spouse -> educated at,4,2.8477815091609955,ouro_2wiki_bridge,reports/discovery/ouro26_2wiki_bridge_validation_v1_20260905T172500Z/merged.json,04c2beadecdca18563224200c8bfef26d237f40c142efdc387536ba0a56353cd,summary.descriptive.D3_G31_F3_per_relation_path_no_additional_gates.spouse -> educated at.G31
Ouro-2.6B,2Wiki,1,3,spouse -> place of birth,4,2.3922723531723022,ouro_2wiki_bridge,reports/discovery/ouro26_2wiki_bridge_validation_v1_20260905T172500Z/merged.json,04c2beadecdca18563224200c8bfef26d237f40c142efdc387536ba0a56353cd,summary.descriptive.D3_G31_F3_per_relation_path_no_additional_gates.spouse -> place of birth.G31
Ouro-2.6B,2Wiki,1,3,spouse -> place of burial,4,2.6792510747909546,ouro_2wiki_bridge,reports/discovery/ouro26_2wiki_bridge_validation_v1_20260905T172500Z/merged.json,04c2beadecdca18563224200c8bfef26d237f40c142efdc387536ba0a56353cd,summary.descriptive.D3_G31_F3_per_relation_path_no_additional_gates.spouse -> place of burial.G31
Ouro-2.6B,2Wiki,1,3,spouse -> place of death,4,2.3948921263217926,ouro_2wiki_bridge,reports/discovery/ouro26_2wiki_bridge_validation_v1_20260905T172500Z/merged.json,04c2beadecdca18563224200c8bfef26d237f40c142efdc387536ba0a56353cd,summary.descriptive.D3_G31_F3_per_relation_path_no_additional_gates.spouse -> place of death.G31
Ouro-2.6B,MuSiQue,1,3,award received,1,3.7939095497131348,ouro_musique_bridge,reports/discovery/ouro26_musique_bridge_validation_v1_20260905T181200Z/merged.json,4f6c2e2d5f96f92ad4e604b23c71d1e6b17909f71465aa7e6e3733fd31723805,summary.descriptive.per_terminal_relation_no_additional_gates.award received.G31
Ouro-2.6B,MuSiQue,1,3,capital,5,4.024484014511108,ouro_musique_bridge,reports/discovery/ouro26_musique_bridge_validation_v1_20260905T181200Z/merged.json,4f6c2e2d5f96f92ad4e604b23c71d1e6b17909f71465aa7e6e3733fd31723805,summary.descriptive.per_terminal_relation_no_additional_gates.capital.G31
Ouro-2.6B,MuSiQue,1,3,capital of,2,3.8655329942703247,ouro_musique_bridge,reports/discovery/ouro26_musique_bridge_validation_v1_20260905T181200Z/merged.json,4f6c2e2d5f96f92ad4e604b23c71d1e6b17909f71465aa7e6e3733fd31723805,summary.descriptive.per_terminal_relation_no_additional_gates.capital of.G31
Ouro-2.6B,MuSiQue,1,3,child,8,1.5951250940561295,ouro_musique_bridge,reports/discovery/ouro26_musique_bridge_validation_v1_20260905T181200Z/merged.json,4f6c2e2d5f96f92ad4e604b23c71d1e6b17909f71465aa7e6e3733fd31723805,summary.descriptive.per_terminal_relation_no_additional_gates.child.G31
Ouro-2.6B,MuSiQue,1,3,contains administrative territorial entity,1,0.8845213651657104,ouro_musique_bridge,reports/discovery/ouro26_musique_bridge_validation_v1_20260905T181200Z/merged.json,4f6c2e2d5f96f92ad4e604b23c71d1e6b17909f71465aa7e6e3733fd31723805,summary.descriptive.per_terminal_relation_no_additional_gates.contains administrative territorial entity.G31
Ouro-2.6B,MuSiQue,1,3,country,3,3.9802271525065103,ouro_musique_bridge,reports/discovery/ouro26_musique_bridge_validation_v1_20260905T181200Z/merged.json,4f6c2e2d5f96f92ad4e604b23c71d1e6b17909f71465aa7e6e3733fd31723805,summary.descriptive.per_terminal_relation_no_additional_gates.country.G31
Ouro-2.6B,MuSiQue,1,3,country of citizenship,1,2.8869630098342896,ouro_musique_bridge,reports/discovery/ouro26_musique_bridge_validation_v1_20260905T181200Z/merged.json,4f6c2e2d5f96f92ad4e604b23c71d1e6b17909f71465aa7e6e3733fd31723805,summary.descriptive.per_terminal_relation_no_additional_gates.country of citizenship.G31
Ouro-2.6B,MuSiQue,1,3,educated at,2,5.397313177585602,ouro_musique_bridge,reports/discovery/ouro26_musique_bridge_validation_v1_20260905T181200Z/merged.json,4f6c2e2d5f96f92ad4e604b23c71d1e6b17909f71465aa7e6e3733fd31723805,summary.descriptive.per_terminal_relation_no_additional_gates.educated at.G31
Ouro-2.6B,MuSiQue,1,3,employer,1,3.8401458263397217,ouro_musique_bridge,reports/discovery/ouro26_musique_bridge_validation_v1_20260905T181200Z/merged.json,4f6c2e2d5f96f92ad4e604b23c71d1e6b17909f71465aa7e6e3733fd31723805,summary.descriptive.per_terminal_relation_no_additional_gates.employer.G31
Ouro-2.6B,MuSiQue,1,3,father,2,1.155095100402832,ouro_musique_bridge,reports/discovery/ouro26_musique_bridge_validation_v1_20260905T181200Z/merged.json,4f6c2e2d5f96f92ad4e604b23c71d1e6b17909f71465aa7e6e3733fd31723805,summary.descriptive.per_terminal_relation_no_additional_gates.father.G31
Ouro-2.6B,MuSiQue,1,3,founded by,1,2.146831750869751,ouro_musique_bridge,reports/discovery/ouro26_musique_bridge_validation_v1_20260905T181200Z/merged.json,4f6c2e2d5f96f92ad4e604b23c71d1e6b17909f71465aa7e6e3733fd31723805,summary.descriptive.per_terminal_relation_no_additional_gates.founded by.G31
Ouro-2.6B,MuSiQue,1,3,has part,2,2.0775409936904907,ouro_musique_bridge,reports/discovery/ouro26_musique_bridge_validation_v1_20260905T181200Z/merged.json,4f6c2e2d5f96f92ad4e604b23c71d1e6b17909f71465aa7e6e3733fd31723805,summary.descriptive.per_terminal_relation_no_additional_gates.has part.G31
Ouro-2.6B,MuSiQue,1,3,headquarters location,2,3.5000884532928467,ouro_musique_bridge,reports/discovery/ouro26_musique_bridge_validation_v1_20260905T181200Z/merged.json,4f6c2e2d5f96f92ad4e604b23c71d1e6b17909f71465aa7e6e3733fd31723805,summary.descriptive.per_terminal_relation_no_additional_gates.headquarters location.G31
Ouro-2.6B,MuSiQue,1,3,instance of,2,2.4901407957077026,ouro_musique_bridge,reports/discovery/ouro26_musique_bridge_validation_v1_20260905T181200Z/merged.json,4f6c2e2d5f96f92ad4e604b23c71d1e6b17909f71465aa7e6e3733fd31723805,summary.descriptive.per_terminal_relation_no_additional_gates.instance of.G31
Ouro-2.6B,MuSiQue,1,3,league,1,3.4394969940185547,ouro_musique_bridge,reports/discovery/ouro26_musique_bridge_validation_v1_20260905T181200Z/merged.json,4f6c2e2d5f96f92ad4e604b23c71d1e6b17909f71465aa7e6e3733fd31723805,summary.descriptive.per_terminal_relation_no_additional_gates.league.G31
Ouro-2.6B,MuSiQue,1,3,located in or next to body of water,1,3.572171449661255,ouro_musique_bridge,reports/discovery/ouro26_musique_bridge_validation_v1_20260905T181200Z/merged.json,4f6c2e2d5f96f92ad4e604b23c71d1e6b17909f71465aa7e6e3733fd31723805,summary.descriptive.per_terminal_relation_no_additional_gates.located in or next to body of water.G31
Ouro-2.6B,MuSiQue,1,3,located in the administrative territorial entity,18,4.22098653184043,ouro_musique_bridge,reports/discovery/ouro26_musique_bridge_validation_v1_20260905T181200Z/merged.json,4f6c2e2d5f96f92ad4e604b23c71d1e6b17909f71465aa7e6e3733fd31723805,summary.descriptive.per_terminal_relation_no_additional_gates.located in the administrative territorial entity.G31
Ouro-2.6B,MuSiQue,1,3,location of formation,1,2.375718116760254,ouro_musique_bridge,reports/discovery/ouro26_musique_bridge_validation_v1_20260905T181200Z/merged.json,4f6c2e2d5f96f92ad4e604b23c71d1e6b17909f71465aa7e6e3733fd31723805,summary.descriptive.per_terminal_relation_no_additional_gates.location of formation.G31
Ouro-2.6B,MuSiQue,1,3,member of,1,4.300726652145386,ouro_musique_bridge,reports/discovery/ouro26_musique_bridge_validation_v1_20260905T181200Z/merged.json,4f6c2e2d5f96f92ad4e604b23c71d1e6b17909f71465aa7e6e3733fd31723805,summary.descriptive.per_terminal_relation_no_additional_gates.member of.G31
Ouro-2.6B,MuSiQue,1,3,mother,1,2.0640000104904175,ouro_musique_bridge,reports/discovery/ouro26_musique_bridge_validation_v1_20260905T181200Z/merged.json,4f6c2e2d5f96f92ad4e604b23c71d1e6b17909f71465aa7e6e3733fd31723805,summary.descriptive.per_terminal_relation_no_additional_gates.mother.G31
Ouro-2.6B,MuSiQue,1,3,mouth of the watercourse,1,2.639772057533264,ouro_musique_bridge,reports/discovery/ouro26_musique_bridge_validation_v1_20260905T181200Z/merged.json,4f6c2e2d5f96f92ad4e604b23c71d1e6b17909f71465aa7e6e3733fd31723805,summary.descriptive.per_terminal_relation_no_additional_gates.mouth of the watercourse.G31
Ouro-2.6B,MuSiQue,1,3,movement,1,2.0228607654571533,ouro_musique_bridge,reports/discovery/ouro26_musique_bridge_validation_v1_20260905T181200Z/merged.json,4f6c2e2d5f96f92ad4e604b23c71d1e6b17909f71465aa7e6e3733fd31723805,summary.descriptive.per_terminal_relation_no_additional_gates.movement.G31
Ouro-2.6B,MuSiQue,1,3,notable work,1,2.551009178161621,ouro_musique_bridge,reports/discovery/ouro26_musique_bridge_validation_v1_20260905T181200Z/merged.json,4f6c2e2d5f96f92ad4e604b23c71d1e6b17909f71465aa7e6e3733fd31723805,summary.descriptive.per_terminal_relation_no_additional_gates.notable work.G31
Ouro-2.6B,MuSiQue,1,3,part of,1,0.8916453123092651,ouro_musique_bridge,reports/discovery/ouro26_musique_bridge_validation_v1_20260905T181200Z/merged.json,4f6c2e2d5f96f92ad4e604b23c71d1e6b17909f71465aa7e6e3733fd31723805,summary.descriptive.per_terminal_relation_no_additional_gates.part of.G31
Ouro-2.6B,MuSiQue,1,3,place of birth,7,5.601758565221514,ouro_musique_bridge,reports/discovery/ouro26_musique_bridge_validation_v1_20260905T181200Z/merged.json,4f6c2e2d5f96f92ad4e604b23c71d1e6b17909f71465aa7e6e3733fd31723805,summary.descriptive.per_terminal_relation_no_additional_gates.place of birth.G31
Ouro-2.6B,MuSiQue,1,3,place of death,1,4.317366719245911,ouro_musique_bridge,reports/discovery/ouro26_musique_bridge_validation_v1_20260905T181200Z/merged.json,4f6c2e2d5f96f92ad4e604b23c71d1e6b17909f71465aa7e6e3733fd31723805,summary.descriptive.per_terminal_relation_no_additional_gates.place of death.G31
Ouro-2.6B,MuSiQue,1,3,record label,5,3.029846215248108,ouro_musique_bridge,reports/discovery/ouro26_musique_bridge_validation_v1_20260905T181200Z/merged.json,4f6c2e2d5f96f92ad4e604b23c71d1e6b17909f71465aa7e6e3733fd31723805,summary.descriptive.per_terminal_relation_no_additional_gates.record label.G31
Ouro-2.6B,MuSiQue,1,3,shares border with,11,1.546308929269964,ouro_musique_bridge,reports/discovery/ouro26_musique_bridge_validation_v1_20260905T181200Z/merged.json,4f6c2e2d5f96f92ad4e604b23c71d1e6b17909f71465aa7e6e3733fd31723805,summary.descriptive.per_terminal_relation_no_additional_gates.shares border with.G31
Ouro-2.6B,MuSiQue,1,3,sibling,2,2.8416539430618286,ouro_musique_bridge,reports/discovery/ouro26_musique_bridge_validation_v1_20260905T181200Z/merged.json,4f6c2e2d5f96f92ad4e604b23c71d1e6b17909f71465aa7e6e3733fd31723805,summary.descriptive.per_terminal_relation_no_additional_gates.sibling.G31
Ouro-2.6B,MuSiQue,1,3,spouse,9,2.428556614451938,ouro_musique_bridge,reports/discovery/ouro26_musique_bridge_validation_v1_20260905T181200Z/merged.json,4f6c2e2d5f96f92ad4e604b23c71d1e6b17909f71465aa7e6e3733fd31723805,summary.descriptive.per_terminal_relation_no_additional_gates.spouse.G31
LoopUS,2Wiki,1,8,composer -> country of citizenship,3,1.5822273592154186,loopus_2wiki_result,reports/discovery/loopus_2wiki_heldout_confirmation_v1_20260906/result.json,5529fc78dafa7f1dd283fdd43ad20eaf02c2149c820c3444c23376a30963e406,reconstructed from registered raw rows
LoopUS,2Wiki,1,8,composer -> place of birth,3,1.5147207714617252,loopus_2wiki_result,reports/discovery/loopus_2wiki_heldout_confirmation_v1_20260906/result.json,5529fc78dafa7f1dd283fdd43ad20eaf02c2149c820c3444c23376a30963e406,reconstructed from registered raw rows
LoopUS,2Wiki,1,8,composer -> place of death,3,1.0730957078437011,loopus_2wiki_result,reports/discovery/loopus_2wiki_heldout_confirmation_v1_20260906/result.json,5529fc78dafa7f1dd283fdd43ad20eaf02c2149c820c3444c23376a30963e406,reconstructed from registered raw rows
LoopUS,2Wiki,1,8,director -> award received,3,1.0628672589858372,loopus_2wiki_result,reports/discovery/loopus_2wiki_heldout_confirmation_v1_20260906/result.json,5529fc78dafa7f1dd283fdd43ad20eaf02c2149c820c3444c23376a30963e406,reconstructed from registered raw rows
LoopUS,2Wiki,1,8,director -> child,3,0.6043601334095001,loopus_2wiki_result,reports/discovery/loopus_2wiki_heldout_confirmation_v1_20260906/result.json,5529fc78dafa7f1dd283fdd43ad20eaf02c2149c820c3444c23376a30963e406,reconstructed from registered raw rows
LoopUS,2Wiki,1,8,director -> country of citizenship,3,1.5712951254099607,loopus_2wiki_result,reports/discovery/loopus_2wiki_heldout_confirmation_v1_20260906/result.json,5529fc78dafa7f1dd283fdd43ad20eaf02c2149c820c3444c23376a30963e406,reconstructed from registered raw rows
LoopUS,2Wiki,1,8,director -> educated at,3,1.342574750383695,loopus_2wiki_result,reports/discovery/loopus_2wiki_heldout_confirmation_v1_20260906/result.json,5529fc78dafa7f1dd283fdd43ad20eaf02c2149c820c3444c23376a30963e406,reconstructed from registered raw rows
LoopUS,2Wiki,1,8,director -> employer,3,1.340601270397504,loopus_2wiki_result,reports/discovery/loopus_2wiki_heldout_confirmation_v1_20260906/result.json,5529fc78dafa7f1dd283fdd43ad20eaf02c2149c820c3444c23376a30963e406,reconstructed from registered raw rows
LoopUS,2Wiki,1,8,director -> father,3,0.15024967243274054,loopus_2wiki_result,reports/discovery/loopus_2wiki_heldout_confirmation_v1_20260906/result.json,5529fc78dafa7f1dd283fdd43ad20eaf02c2149c820c3444c23376a30963e406,reconstructed from registered raw rows
LoopUS,2Wiki,1,8,director -> place of birth,3,1.2222040640190244,loopus_2wiki_result,reports/discovery/loopus_2wiki_heldout_confirmation_v1_20260906/result.json,5529fc78dafa7f1dd283fdd43ad20eaf02c2149c820c3444c23376a30963e406,reconstructed from registered raw rows
LoopUS,2Wiki,1,8,director -> place of death,3,1.7814953277508419,loopus_2wiki_result,reports/discovery/loopus_2wiki_heldout_confirmation_v1_20260906/result.json,5529fc78dafa7f1dd283fdd43ad20eaf02c2149c820c3444c23376a30963e406,reconstructed from registered raw rows
LoopUS,2Wiki,1,8,director -> spouse,3,0.16906658808390299,loopus_2wiki_result,reports/discovery/loopus_2wiki_heldout_confirmation_v1_20260906/result.json,5529fc78dafa7f1dd283fdd43ad20eaf02c2149c820c3444c23376a30963e406,reconstructed from registered raw rows
LoopUS,2Wiki,1,8,father -> cause of death,3,0.7286859427889189,loopus_2wiki_result,reports/discovery/loopus_2wiki_heldout_confirmation_v1_20260906/result.json,5529fc78dafa7f1dd283fdd43ad20eaf02c2149c820c3444c23376a30963e406,reconstructed from registered raw rows
LoopUS,2Wiki,1,8,father -> country of citizenship,3,0.22466012835502625,loopus_2wiki_result,reports/discovery/loopus_2wiki_heldout_confirmation_v1_20260906/result.json,5529fc78dafa7f1dd283fdd43ad20eaf02c2149c820c3444c23376a30963e406,reconstructed from registered raw rows
LoopUS,2Wiki,1,8,father -> educated at,3,0.1484974424044291,loopus_2wiki_result,reports/discovery/loopus_2wiki_heldout_confirmation_v1_20260906/result.json,5529fc78dafa7f1dd283fdd43ad20eaf02c2149c820c3444c23376a30963e406,reconstructed from registered raw rows
LoopUS,2Wiki,1,8,father -> place of birth,3,1.572738166898489,loopus_2wiki_result,reports/discovery/loopus_2wiki_heldout_confirmation_v1_20260906/result.json,5529fc78dafa7f1dd283fdd43ad20eaf02c2149c820c3444c23376a30963e406,reconstructed from registered raw rows
LoopUS,2Wiki,1,8,father -> place of burial,3,0.8029381632804871,loopus_2wiki_result,reports/discovery/loopus_2wiki_heldout_confirmation_v1_20260906/result.json,5529fc78dafa7f1dd283fdd43ad20eaf02c2149c820c3444c23376a30963e406,reconstructed from registered raw rows
LoopUS,2Wiki,1,8,father -> place of death,3,0.7091616227601966,loopus_2wiki_result,reports/discovery/loopus_2wiki_heldout_confirmation_v1_20260906/result.json,5529fc78dafa7f1dd283fdd43ad20eaf02c2149c820c3444c23376a30963e406,reconstructed from registered raw rows
LoopUS,2Wiki,1,8,founded by -> place of birth,3,0.17078822509696087,loopus_2wiki_result,reports/discovery/loopus_2wiki_heldout_confirmation_v1_20260906/result.json,5529fc78dafa7f1dd283fdd43ad20eaf02c2149c820c3444c23376a30963e406,reconstructed from registered raw rows
LoopUS,2Wiki,1,8,mother -> country of citizenship,3,0.643495099619031,loopus_2wiki_result,reports/discovery/loopus_2wiki_heldout_confirmation_v1_20260906/result.json,5529fc78dafa7f1dd283fdd43ad20eaf02c2149c820c3444c23376a30963e406,reconstructed from registered raw rows
LoopUS,2Wiki,1,8,mother -> place of birth,3,2.1192618335286775,loopus_2wiki_result,reports/discovery/loopus_2wiki_heldout_confirmation_v1_20260906/result.json,5529fc78dafa7f1dd283fdd43ad20eaf02c2149c820c3444c23376a30963e406,reconstructed from registered raw rows
LoopUS,2Wiki,1,8,mother -> place of death,3,2.7232842246691384,loopus_2wiki_result,reports/discovery/loopus_2wiki_heldout_confirmation_v1_20260906/result.json,5529fc78dafa7f1dd283fdd43ad20eaf02c2149c820c3444c23376a30963e406,reconstructed from registered raw rows
LoopUS,2Wiki,1,8,performer -> award received,3,1.6392119973897934,loopus_2wiki_result,reports/discovery/loopus_2wiki_heldout_confirmation_v1_20260906/result.json,5529fc78dafa7f1dd283fdd43ad20eaf02c2149c820c3444c23376a30963e406,reconstructed from registered raw rows
LoopUS,2Wiki,1,8,performer -> country of citizenship,3,0.6861743809034427,loopus_2wiki_result,reports/discovery/loopus_2wiki_heldout_confirmation_v1_20260906/result.json,5529fc78dafa7f1dd283fdd43ad20eaf02c2149c820c3444c23376a30963e406,reconstructed from registered raw rows
LoopUS,2Wiki,1,8,performer -> place of birth,3,1.4072722295920055,loopus_2wiki_result,reports/discovery/loopus_2wiki_heldout_confirmation_v1_20260906/result.json,5529fc78dafa7f1dd283fdd43ad20eaf02c2149c820c3444c23376a30963e406,reconstructed from registered raw rows
LoopUS,2Wiki,1,8,performer -> place of death,3,1.9566485633452733,loopus_2wiki_result,reports/discovery/loopus_2wiki_heldout_confirmation_v1_20260906/result.json,5529fc78dafa7f1dd283fdd43ad20eaf02c2149c820c3444c23376a30963e406,reconstructed from registered raw rows
LoopUS,2Wiki,1,8,spouse -> country of citizenship,3,0.7447677652041117,loopus_2wiki_result,reports/discovery/loopus_2wiki_heldout_confirmation_v1_20260906/result.json,5529fc78dafa7f1dd283fdd43ad20eaf02c2149c820c3444c23376a30963e406,reconstructed from registered raw rows
LoopUS,2Wiki,1,8,spouse -> educated at,3,1.6881381596128147,loopus_2wiki_result,reports/discovery/loopus_2wiki_heldout_confirmation_v1_20260906/result.json,5529fc78dafa7f1dd283fdd43ad20eaf02c2149c820c3444c23376a30963e406,reconstructed from registered raw rows
LoopUS,2Wiki,1,8,spouse -> place of birth,3,0.693415159980456,loopus_2wiki_result,reports/discovery/loopus_2wiki_heldout_confirmation_v1_20260906/result.json,5529fc78dafa7f1dd283fdd43ad20eaf02c2149c820c3444c23376a30963e406,reconstructed from registered raw rows
LoopUS,2Wiki,1,8,spouse -> place of burial,3,1.3849207560221355,loopus_2wiki_result,reports/discovery/loopus_2wiki_heldout_confirmation_v1_20260906/result.json,5529fc78dafa7f1dd283fdd43ad20eaf02c2149c820c3444c23376a30963e406,reconstructed from registered raw rows
LoopUS,2Wiki,1,8,spouse -> place of death,3,0.879187787650153,loopus_2wiki_result,reports/discovery/loopus_2wiki_heldout_confirmation_v1_20260906/result.json,5529fc78dafa7f1dd283fdd43ad20eaf02c2149c820c3444c23376a30963e406,reconstructed from registered raw rows
LoopUS,MuSiQue,1,8,award received,1,-1.1329355239868164,loopus_musique_result,reports/discovery/loopus_musique_matched_confirmation_v1_20260906/result.json,e9ef17535331eab1482a3cfc1b9a117d36aadf41bc6d681db8e08b56eedcb27c,reconstructed from registered raw rows
LoopUS,MuSiQue,1,8,capital,5,1.4122627674601973,loopus_musique_result,reports/discovery/loopus_musique_matched_confirmation_v1_20260906/result.json,e9ef17535331eab1482a3cfc1b9a117d36aadf41bc6d681db8e08b56eedcb27c,reconstructed from registered raw rows
LoopUS,MuSiQue,1,8,capital of,2,2.649765372276306,loopus_musique_result,reports/discovery/loopus_musique_matched_confirmation_v1_20260906/result.json,e9ef17535331eab1482a3cfc1b9a117d36aadf41bc6d681db8e08b56eedcb27c,reconstructed from registered raw rows
LoopUS,MuSiQue,1,8,child,8,0.24656433577183634,loopus_musique_result,reports/discovery/loopus_musique_matched_confirmation_v1_20260906/result.json,e9ef17535331eab1482a3cfc1b9a117d36aadf41bc6d681db8e08b56eedcb27c,reconstructed from registered raw rows
LoopUS,MuSiQue,1,8,contains administrative territorial entity,1,1.7887879312038422,loopus_musique_result,reports/discovery/loopus_musique_matched_confirmation_v1_20260906/result.json,e9ef17535331eab1482a3cfc1b9a117d36aadf41bc6d681db8e08b56eedcb27c,reconstructed from registered raw rows
LoopUS,MuSiQue,1,8,country,3,-0.00028518463174502057,loopus_musique_result,reports/discovery/loopus_musique_matched_confirmation_v1_20260906/result.json,e9ef17535331eab1482a3cfc1b9a117d36aadf41bc6d681db8e08b56eedcb27c,reconstructed from registered raw rows
LoopUS,MuSiQue,1,8,country of citizenship,1,0.5364289181306958,loopus_musique_result,reports/discovery/loopus_musique_matched_confirmation_v1_20260906/result.json,e9ef17535331eab1482a3cfc1b9a117d36aadf41bc6d681db8e08b56eedcb27c,reconstructed from registered raw rows
LoopUS,MuSiQue,1,8,educated at,2,0.8674312084913254,loopus_musique_result,reports/discovery/loopus_musique_matched_confirmation_v1_20260906/result.json,e9ef17535331eab1482a3cfc1b9a117d36aadf41bc6d681db8e08b56eedcb27c,reconstructed from registered raw rows
LoopUS,MuSiQue,1,8,employer,1,-0.4324279800057411,loopus_musique_result,reports/discovery/loopus_musique_matched_confirmation_v1_20260906/result.json,e9ef17535331eab1482a3cfc1b9a117d36aadf41bc6d681db8e08b56eedcb27c,reconstructed from registered raw rows
LoopUS,MuSiQue,1,8,father,2,0.25311947613954544,loopus_musique_result,reports/discovery/loopus_musique_matched_confirmation_v1_20260906/result.json,e9ef17535331eab1482a3cfc1b9a117d36aadf41bc6d681db8e08b56eedcb27c,reconstructed from registered raw rows
LoopUS,MuSiQue,1,8,founded by,1,-0.20247980393469334,loopus_musique_result,reports/discovery/loopus_musique_matched_confirmation_v1_20260906/result.json,e9ef17535331eab1482a3cfc1b9a117d36aadf41bc6d681db8e08b56eedcb27c,reconstructed from registered raw rows
LoopUS,MuSiQue,1,8,has part,2,1.546797301620245,loopus_musique_result,reports/discovery/loopus_musique_matched_confirmation_v1_20260906/result.json,e9ef17535331eab1482a3cfc1b9a117d36aadf41bc6d681db8e08b56eedcb27c,reconstructed from registered raw rows
LoopUS,MuSiQue,1,8,headquarters location,2,0.18212538212537766,loopus_musique_result,reports/discovery/loopus_musique_matched_confirmation_v1_20260906/result.json,e9ef17535331eab1482a3cfc1b9a117d36aadf41bc6d681db8e08b56eedcb27c,reconstructed from registered raw rows
LoopUS,MuSiQue,1,8,instance of,2,-0.293682012706995,loopus_musique_result,reports/discovery/loopus_musique_matched_confirmation_v1_20260906/result.json,e9ef17535331eab1482a3cfc1b9a117d36aadf41bc6d681db8e08b56eedcb27c,reconstructed from registered raw rows
LoopUS,MuSiQue,1,8,league,1,-0.09385758638381958,loopus_musique_result,reports/discovery/loopus_musique_matched_confirmation_v1_20260906/result.json,e9ef17535331eab1482a3cfc1b9a117d36aadf41bc6d681db8e08b56eedcb27c,reconstructed from registered raw rows
LoopUS,MuSiQue,1,8,located in or next to body of water,1,1.0356348752975464,loopus_musique_result,reports/discovery/loopus_musique_matched_confirmation_v1_20260906/result.json,e9ef17535331eab1482a3cfc1b9a117d36aadf41bc6d681db8e08b56eedcb27c,reconstructed from registered raw rows
LoopUS,MuSiQue,1,8,located in the administrative territorial entity,18,0.7983418848986427,loopus_musique_result,reports/discovery/loopus_musique_matched_confirmation_v1_20260906/result.json,e9ef17535331eab1482a3cfc1b9a117d36aadf41bc6d681db8e08b56eedcb27c,reconstructed from registered raw rows
LoopUS,MuSiQue,1,8,location of formation,1,0.23435890674591064,loopus_musique_result,reports/discovery/loopus_musique_matched_confirmation_v1_20260906/result.json,e9ef17535331eab1482a3cfc1b9a117d36aadf41bc6d681db8e08b56eedcb27c,reconstructed from registered raw rows
LoopUS,MuSiQue,1,8,member of,1,-0.29105502739548683,loopus_musique_result,reports/discovery/loopus_musique_matched_confirmation_v1_20260906/result.json,e9ef17535331eab1482a3cfc1b9a117d36aadf41bc6d681db8e08b56eedcb27c,reconstructed from registered raw rows
LoopUS,MuSiQue,1,8,mother,1,-0.030026979744434357,loopus_musique_result,reports/discovery/loopus_musique_matched_confirmation_v1_20260906/result.json,e9ef17535331eab1482a3cfc1b9a117d36aadf41bc6d681db8e08b56eedcb27c,reconstructed from registered raw rows
LoopUS,MuSiQue,1,8,mouth of the watercourse,1,0.2790815755724907,loopus_musique_result,reports/discovery/loopus_musique_matched_confirmation_v1_20260906/result.json,e9ef17535331eab1482a3cfc1b9a117d36aadf41bc6d681db8e08b56eedcb27c,reconstructed from registered raw rows
LoopUS,MuSiQue,1,8,movement,1,0.3903226852416992,loopus_musique_result,reports/discovery/loopus_musique_matched_confirmation_v1_20260906/result.json,e9ef17535331eab1482a3cfc1b9a117d36aadf41bc6d681db8e08b56eedcb27c,reconstructed from registered raw rows
LoopUS,MuSiQue,1,8,notable work,1,0.7600072622299194,loopus_musique_result,reports/discovery/loopus_musique_matched_confirmation_v1_20260906/result.json,e9ef17535331eab1482a3cfc1b9a117d36aadf41bc6d681db8e08b56eedcb27c,reconstructed from registered raw rows
LoopUS,MuSiQue,1,8,part of,1,-0.19723156094551086,loopus_musique_result,reports/discovery/loopus_musique_matched_confirmation_v1_20260906/result.json,e9ef17535331eab1482a3cfc1b9a117d36aadf41bc6d681db8e08b56eedcb27c,reconstructed from registered raw rows
LoopUS,MuSiQue,1,8,place of birth,7,1.9266789345336812,loopus_musique_result,reports/discovery/loopus_musique_matched_confirmation_v1_20260906/result.json,e9ef17535331eab1482a3cfc1b9a117d36aadf41bc6d681db8e08b56eedcb27c,reconstructed from registered raw rows
LoopUS,MuSiQue,1,8,place of death,1,-0.2043268159031868,loopus_musique_result,reports/discovery/loopus_musique_matched_confirmation_v1_20260906/result.json,e9ef17535331eab1482a3cfc1b9a117d36aadf41bc6d681db8e08b56eedcb27c,reconstructed from registered raw rows
LoopUS,MuSiQue,1,8,record label,5,0.6701178506016732,loopus_musique_result,reports/discovery/loopus_musique_matched_confirmation_v1_20260906/result.json,e9ef17535331eab1482a3cfc1b9a117d36aadf41bc6d681db8e08b56eedcb27c,reconstructed from registered raw rows
LoopUS,MuSiQue,1,8,shares border with,11,0.7490452390841462,loopus_musique_result,reports/discovery/loopus_musique_matched_confirmation_v1_20260906/result.json,e9ef17535331eab1482a3cfc1b9a117d36aadf41bc6d681db8e08b56eedcb27c,reconstructed from registered raw rows
LoopUS,MuSiQue,1,8,sibling,2,0.4438215736299753,loopus_musique_result,reports/discovery/loopus_musique_matched_confirmation_v1_20260906/result.json,e9ef17535331eab1482a3cfc1b9a117d36aadf41bc6d681db8e08b56eedcb27c,reconstructed from registered raw rows
LoopUS,MuSiQue,1,8,spouse,9,0.3332325505713622,loopus_musique_result,reports/discovery/loopus_musique_matched_confirmation_v1_20260906/result.json,e9ef17535331eab1482a3cfc1b9a117d36aadf41bc6d681db8e08b56eedcb27c,reconstructed from registered raw rows
