model,dataset,deep_exit,cluster,metric,value,source_id,source_path,source_sha256,json_path
Ouro-2.6B,2Wiki,3,composer -> country of citizenship,deep specificity,8.141132324934006,ouro_specificity,reports/discovery/ouro26_2wiki_offpath_specificity_v2_20260905T191900Z/model_merged.json,909fe2dcbd3fd2b78f5545332e6b430f45bd9ed18167a01620369aca2b1faf7b,summary.descriptive.per_relation_path.composer -> country of citizenship.C3
Ouro-2.6B,2Wiki,3,composer -> country of citizenship,specificity gain,8.129546254873276,ouro_specificity,reports/discovery/ouro26_2wiki_offpath_specificity_v2_20260905T191900Z/model_merged.json,909fe2dcbd3fd2b78f5545332e6b430f45bd9ed18167a01620369aca2b1faf7b,summary.descriptive.per_relation_path.composer -> country of citizenship.A31
Ouro-2.6B,2Wiki,3,composer -> place of birth,deep specificity,7.723083510994911,ouro_specificity,reports/discovery/ouro26_2wiki_offpath_specificity_v2_20260905T191900Z/model_merged.json,909fe2dcbd3fd2b78f5545332e6b430f45bd9ed18167a01620369aca2b1faf7b,summary.descriptive.per_relation_path.composer -> place of birth.C3
Ouro-2.6B,2Wiki,3,composer -> place of birth,specificity gain,7.717934802174568,ouro_specificity,reports/discovery/ouro26_2wiki_offpath_specificity_v2_20260905T191900Z/model_merged.json,909fe2dcbd3fd2b78f5545332e6b430f45bd9ed18167a01620369aca2b1faf7b,summary.descriptive.per_relation_path.composer -> place of birth.A31
Ouro-2.6B,2Wiki,3,composer -> place of death,deep specificity,7.590073436498642,ouro_specificity,reports/discovery/ouro26_2wiki_offpath_specificity_v2_20260905T191900Z/model_merged.json,909fe2dcbd3fd2b78f5545332e6b430f45bd9ed18167a01620369aca2b1faf7b,summary.descriptive.per_relation_path.composer -> place of death.C3
Ouro-2.6B,2Wiki,3,composer -> place of death,specificity gain,7.5824892818927765,ouro_specificity,reports/discovery/ouro26_2wiki_offpath_specificity_v2_20260905T191900Z/model_merged.json,909fe2dcbd3fd2b78f5545332e6b430f45bd9ed18167a01620369aca2b1faf7b,summary.descriptive.per_relation_path.composer -> place of death.A31
Ouro-2.6B,2Wiki,3,director -> award received,deep specificity,6.727309286594391,ouro_specificity,reports/discovery/ouro26_2wiki_offpath_specificity_v2_20260905T191900Z/model_merged.json,909fe2dcbd3fd2b78f5545332e6b430f45bd9ed18167a01620369aca2b1faf7b,summary.descriptive.per_relation_path.director -> award received.C3
Ouro-2.6B,2Wiki,3,director -> award received,specificity gain,6.62372899055481,ouro_specificity,reports/discovery/ouro26_2wiki_offpath_specificity_v2_20260905T191900Z/model_merged.json,909fe2dcbd3fd2b78f5545332e6b430f45bd9ed18167a01620369aca2b1faf7b,summary.descriptive.per_relation_path.director -> award received.A31
Ouro-2.6B,2Wiki,3,director -> child,deep specificity,3.9047173857688904,ouro_specificity,reports/discovery/ouro26_2wiki_offpath_specificity_v2_20260905T191900Z/model_merged.json,909fe2dcbd3fd2b78f5545332e6b430f45bd9ed18167a01620369aca2b1faf7b,summary.descriptive.per_relation_path.director -> child.C3
Ouro-2.6B,2Wiki,3,director -> child,specificity gain,3.93872332572937,ouro_specificity,reports/discovery/ouro26_2wiki_offpath_specificity_v2_20260905T191900Z/model_merged.json,909fe2dcbd3fd2b78f5545332e6b430f45bd9ed18167a01620369aca2b1faf7b,summary.descriptive.per_relation_path.director -> child.A31
Ouro-2.6B,2Wiki,3,director -> country of citizenship,deep specificity,7.216308683156967,ouro_specificity,reports/discovery/ouro26_2wiki_offpath_specificity_v2_20260905T191900Z/model_merged.json,909fe2dcbd3fd2b78f5545332e6b430f45bd9ed18167a01620369aca2b1faf7b,summary.descriptive.per_relation_path.director -> country of citizenship.C3
Ouro-2.6B,2Wiki,3,director -> country of citizenship,specificity gain,7.211582273244858,ouro_specificity,reports/discovery/ouro26_2wiki_offpath_specificity_v2_20260905T191900Z/model_merged.json,909fe2dcbd3fd2b78f5545332e6b430f45bd9ed18167a01620369aca2b1faf7b,summary.descriptive.per_relation_path.director -> country of citizenship.A31
Ouro-2.6B,2Wiki,3,director -> educated at,deep specificity,6.430501371622086,ouro_specificity,reports/discovery/ouro26_2wiki_offpath_specificity_v2_20260905T191900Z/model_merged.json,909fe2dcbd3fd2b78f5545332e6b430f45bd9ed18167a01620369aca2b1faf7b,summary.descriptive.per_relation_path.director -> educated at.C3
Ouro-2.6B,2Wiki,3,director -> educated at,specificity gain,6.435756057500839,ouro_specificity,reports/discovery/ouro26_2wiki_offpath_specificity_v2_20260905T191900Z/model_merged.json,909fe2dcbd3fd2b78f5545332e6b430f45bd9ed18167a01620369aca2b1faf7b,summary.descriptive.per_relation_path.director -> educated at.A31
Ouro-2.6B,2Wiki,3,director -> employer,deep specificity,5.889749675989151,ouro_specificity,reports/discovery/ouro26_2wiki_offpath_specificity_v2_20260905T191900Z/model_merged.json,909fe2dcbd3fd2b78f5545332e6b430f45bd9ed18167a01620369aca2b1faf7b,summary.descriptive.per_relation_path.director -> employer.C3
Ouro-2.6B,2Wiki,3,director -> employer,specificity gain,5.855787545442581,ouro_specificity,reports/discovery/ouro26_2wiki_offpath_specificity_v2_20260905T191900Z/model_merged.json,909fe2dcbd3fd2b78f5545332e6b430f45bd9ed18167a01620369aca2b1faf7b,summary.descriptive.per_relation_path.director -> employer.A31
Ouro-2.6B,2Wiki,3,director -> father,deep specificity,3.133367598056793,ouro_specificity,reports/discovery/ouro26_2wiki_offpath_specificity_v2_20260905T191900Z/model_merged.json,909fe2dcbd3fd2b78f5545332e6b430f45bd9ed18167a01620369aca2b1faf7b,summary.descriptive.per_relation_path.director -> father.C3
Ouro-2.6B,2Wiki,3,director -> father,specificity gain,3.077022135257721,ouro_specificity,reports/discovery/ouro26_2wiki_offpath_specificity_v2_20260905T191900Z/model_merged.json,909fe2dcbd3fd2b78f5545332e6b430f45bd9ed18167a01620369aca2b1faf7b,summary.descriptive.per_relation_path.director -> father.A31
Ouro-2.6B,2Wiki,3,director -> place of birth,deep specificity,7.2666657119989395,ouro_specificity,reports/discovery/ouro26_2wiki_offpath_specificity_v2_20260905T191900Z/model_merged.json,909fe2dcbd3fd2b78f5545332e6b430f45bd9ed18167a01620369aca2b1faf7b,summary.descriptive.per_relation_path.director -> place of birth.C3
Ouro-2.6B,2Wiki,3,director -> place of birth,specificity gain,7.2640212923288345,ouro_specificity,reports/discovery/ouro26_2wiki_offpath_specificity_v2_20260905T191900Z/model_merged.json,909fe2dcbd3fd2b78f5545332e6b430f45bd9ed18167a01620369aca2b1faf7b,summary.descriptive.per_relation_path.director -> place of birth.A31
Ouro-2.6B,2Wiki,3,director -> place of death,deep specificity,5.459525972604752,ouro_specificity,reports/discovery/ouro26_2wiki_offpath_specificity_v2_20260905T191900Z/model_merged.json,909fe2dcbd3fd2b78f5545332e6b430f45bd9ed18167a01620369aca2b1faf7b,summary.descriptive.per_relation_path.director -> place of death.C3
Ouro-2.6B,2Wiki,3,director -> place of death,specificity gain,5.448296099901199,ouro_specificity,reports/discovery/ouro26_2wiki_offpath_specificity_v2_20260905T191900Z/model_merged.json,909fe2dcbd3fd2b78f5545332e6b430f45bd9ed18167a01620369aca2b1faf7b,summary.descriptive.per_relation_path.director -> place of death.A31
Ouro-2.6B,2Wiki,3,director -> spouse,deep specificity,4.851086318492889,ouro_specificity,reports/discovery/ouro26_2wiki_offpath_specificity_v2_20260905T191900Z/model_merged.json,909fe2dcbd3fd2b78f5545332e6b430f45bd9ed18167a01620369aca2b1faf7b,summary.descriptive.per_relation_path.director -> spouse.C3
Ouro-2.6B,2Wiki,3,director -> spouse,specificity gain,4.848870635032654,ouro_specificity,reports/discovery/ouro26_2wiki_offpath_specificity_v2_20260905T191900Z/model_merged.json,909fe2dcbd3fd2b78f5545332e6b430f45bd9ed18167a01620369aca2b1faf7b,summary.descriptive.per_relation_path.director -> spouse.A31
Ouro-2.6B,2Wiki,3,father -> cause of death,deep specificity,3.2389716506004333,ouro_specificity,reports/discovery/ouro26_2wiki_offpath_specificity_v2_20260905T191900Z/model_merged.json,909fe2dcbd3fd2b78f5545332e6b430f45bd9ed18167a01620369aca2b1faf7b,summary.descriptive.per_relation_path.father -> cause of death.C3
Ouro-2.6B,2Wiki,3,father -> cause of death,specificity gain,3.233041226863861,ouro_specificity,reports/discovery/ouro26_2wiki_offpath_specificity_v2_20260905T191900Z/model_merged.json,909fe2dcbd3fd2b78f5545332e6b430f45bd9ed18167a01620369aca2b1faf7b,summary.descriptive.per_relation_path.father -> cause of death.A31
Ouro-2.6B,2Wiki,3,father -> country of citizenship,deep specificity,2.27075657248497,ouro_specificity,reports/discovery/ouro26_2wiki_offpath_specificity_v2_20260905T191900Z/model_merged.json,909fe2dcbd3fd2b78f5545332e6b430f45bd9ed18167a01620369aca2b1faf7b,summary.descriptive.per_relation_path.father -> country of citizenship.C3
Ouro-2.6B,2Wiki,3,father -> country of citizenship,specificity gain,2.2725776731967926,ouro_specificity,reports/discovery/ouro26_2wiki_offpath_specificity_v2_20260905T191900Z/model_merged.json,909fe2dcbd3fd2b78f5545332e6b430f45bd9ed18167a01620369aca2b1faf7b,summary.descriptive.per_relation_path.father -> country of citizenship.A31
Ouro-2.6B,2Wiki,3,father -> educated at,deep specificity,2.83672371506691,ouro_specificity,reports/discovery/ouro26_2wiki_offpath_specificity_v2_20260905T191900Z/model_merged.json,909fe2dcbd3fd2b78f5545332e6b430f45bd9ed18167a01620369aca2b1faf7b,summary.descriptive.per_relation_path.father -> educated at.C3
Ouro-2.6B,2Wiki,3,father -> educated at,specificity gain,2.7375243604183197,ouro_specificity,reports/discovery/ouro26_2wiki_offpath_specificity_v2_20260905T191900Z/model_merged.json,909fe2dcbd3fd2b78f5545332e6b430f45bd9ed18167a01620369aca2b1faf7b,summary.descriptive.per_relation_path.father -> educated at.A31
Ouro-2.6B,2Wiki,3,father -> place of birth,deep specificity,4.143888413906097,ouro_specificity,reports/discovery/ouro26_2wiki_offpath_specificity_v2_20260905T191900Z/model_merged.json,909fe2dcbd3fd2b78f5545332e6b430f45bd9ed18167a01620369aca2b1faf7b,summary.descriptive.per_relation_path.father -> place of birth.C3
Ouro-2.6B,2Wiki,3,father -> place of birth,specificity gain,4.1399553418159485,ouro_specificity,reports/discovery/ouro26_2wiki_offpath_specificity_v2_20260905T191900Z/model_merged.json,909fe2dcbd3fd2b78f5545332e6b430f45bd9ed18167a01620369aca2b1faf7b,summary.descriptive.per_relation_path.father -> place of birth.A31
Ouro-2.6B,2Wiki,3,father -> place of burial,deep specificity,2.992630898952484,ouro_specificity,reports/discovery/ouro26_2wiki_offpath_specificity_v2_20260905T191900Z/model_merged.json,909fe2dcbd3fd2b78f5545332e6b430f45bd9ed18167a01620369aca2b1faf7b,summary.descriptive.per_relation_path.father -> place of burial.C3
Ouro-2.6B,2Wiki,3,father -> place of burial,specificity gain,2.9930459856987,ouro_specificity,reports/discovery/ouro26_2wiki_offpath_specificity_v2_20260905T191900Z/model_merged.json,909fe2dcbd3fd2b78f5545332e6b430f45bd9ed18167a01620369aca2b1faf7b,summary.descriptive.per_relation_path.father -> place of burial.A31
Ouro-2.6B,2Wiki,3,father -> place of death,deep specificity,3.7929751873016357,ouro_specificity,reports/discovery/ouro26_2wiki_offpath_specificity_v2_20260905T191900Z/model_merged.json,909fe2dcbd3fd2b78f5545332e6b430f45bd9ed18167a01620369aca2b1faf7b,summary.descriptive.per_relation_path.father -> place of death.C3
Ouro-2.6B,2Wiki,3,father -> place of death,specificity gain,3.7201093435287476,ouro_specificity,reports/discovery/ouro26_2wiki_offpath_specificity_v2_20260905T191900Z/model_merged.json,909fe2dcbd3fd2b78f5545332e6b430f45bd9ed18167a01620369aca2b1faf7b,summary.descriptive.per_relation_path.father -> place of death.A31
Ouro-2.6B,2Wiki,3,founded by -> place of birth,deep specificity,5.8061094880104065,ouro_specificity,reports/discovery/ouro26_2wiki_offpath_specificity_v2_20260905T191900Z/model_merged.json,909fe2dcbd3fd2b78f5545332e6b430f45bd9ed18167a01620369aca2b1faf7b,summary.descriptive.per_relation_path.founded by -> place of birth.C3
Ouro-2.6B,2Wiki,3,founded by -> place of birth,specificity gain,5.800810098648071,ouro_specificity,reports/discovery/ouro26_2wiki_offpath_specificity_v2_20260905T191900Z/model_merged.json,909fe2dcbd3fd2b78f5545332e6b430f45bd9ed18167a01620369aca2b1faf7b,summary.descriptive.per_relation_path.founded by -> place of birth.A31
Ouro-2.6B,2Wiki,3,mother -> country of citizenship,deep specificity,4.2177734375,ouro_specificity,reports/discovery/ouro26_2wiki_offpath_specificity_v2_20260905T191900Z/model_merged.json,909fe2dcbd3fd2b78f5545332e6b430f45bd9ed18167a01620369aca2b1faf7b,summary.descriptive.per_relation_path.mother -> country of citizenship.C3
Ouro-2.6B,2Wiki,3,mother -> country of citizenship,specificity gain,4.206165313720703,ouro_specificity,reports/discovery/ouro26_2wiki_offpath_specificity_v2_20260905T191900Z/model_merged.json,909fe2dcbd3fd2b78f5545332e6b430f45bd9ed18167a01620369aca2b1faf7b,summary.descriptive.per_relation_path.mother -> country of citizenship.A31
Ouro-2.6B,2Wiki,3,mother -> place of birth,deep specificity,3.0556342601776123,ouro_specificity,reports/discovery/ouro26_2wiki_offpath_specificity_v2_20260905T191900Z/model_merged.json,909fe2dcbd3fd2b78f5545332e6b430f45bd9ed18167a01620369aca2b1faf7b,summary.descriptive.per_relation_path.mother -> place of birth.C3
Ouro-2.6B,2Wiki,3,mother -> place of birth,specificity gain,3.074530065059662,ouro_specificity,reports/discovery/ouro26_2wiki_offpath_specificity_v2_20260905T191900Z/model_merged.json,909fe2dcbd3fd2b78f5545332e6b430f45bd9ed18167a01620369aca2b1faf7b,summary.descriptive.per_relation_path.mother -> place of birth.A31
Ouro-2.6B,2Wiki,3,mother -> place of death,deep specificity,3.9078050553798676,ouro_specificity,reports/discovery/ouro26_2wiki_offpath_specificity_v2_20260905T191900Z/model_merged.json,909fe2dcbd3fd2b78f5545332e6b430f45bd9ed18167a01620369aca2b1faf7b,summary.descriptive.per_relation_path.mother -> place of death.C3
Ouro-2.6B,2Wiki,3,mother -> place of death,specificity gain,3.9497812688350677,ouro_specificity,reports/discovery/ouro26_2wiki_offpath_specificity_v2_20260905T191900Z/model_merged.json,909fe2dcbd3fd2b78f5545332e6b430f45bd9ed18167a01620369aca2b1faf7b,summary.descriptive.per_relation_path.mother -> place of death.A31
Ouro-2.6B,2Wiki,3,performer -> award received,deep specificity,5.471928834915161,ouro_specificity,reports/discovery/ouro26_2wiki_offpath_specificity_v2_20260905T191900Z/model_merged.json,909fe2dcbd3fd2b78f5545332e6b430f45bd9ed18167a01620369aca2b1faf7b,summary.descriptive.per_relation_path.performer -> award received.C3
Ouro-2.6B,2Wiki,3,performer -> award received,specificity gain,5.386660397052765,ouro_specificity,reports/discovery/ouro26_2wiki_offpath_specificity_v2_20260905T191900Z/model_merged.json,909fe2dcbd3fd2b78f5545332e6b430f45bd9ed18167a01620369aca2b1faf7b,summary.descriptive.per_relation_path.performer -> award received.A31
Ouro-2.6B,2Wiki,3,performer -> country of citizenship,deep specificity,8.543945461511612,ouro_specificity,reports/discovery/ouro26_2wiki_offpath_specificity_v2_20260905T191900Z/model_merged.json,909fe2dcbd3fd2b78f5545332e6b430f45bd9ed18167a01620369aca2b1faf7b,summary.descriptive.per_relation_path.performer -> country of citizenship.C3
Ouro-2.6B,2Wiki,3,performer -> country of citizenship,specificity gain,8.534118801355362,ouro_specificity,reports/discovery/ouro26_2wiki_offpath_specificity_v2_20260905T191900Z/model_merged.json,909fe2dcbd3fd2b78f5545332e6b430f45bd9ed18167a01620369aca2b1faf7b,summary.descriptive.per_relation_path.performer -> country of citizenship.A31
Ouro-2.6B,2Wiki,3,performer -> place of birth,deep specificity,6.613185465335846,ouro_specificity,reports/discovery/ouro26_2wiki_offpath_specificity_v2_20260905T191900Z/model_merged.json,909fe2dcbd3fd2b78f5545332e6b430f45bd9ed18167a01620369aca2b1faf7b,summary.descriptive.per_relation_path.performer -> place of birth.C3
Ouro-2.6B,2Wiki,3,performer -> place of birth,specificity gain,6.590968072414398,ouro_specificity,reports/discovery/ouro26_2wiki_offpath_specificity_v2_20260905T191900Z/model_merged.json,909fe2dcbd3fd2b78f5545332e6b430f45bd9ed18167a01620369aca2b1faf7b,summary.descriptive.per_relation_path.performer -> place of birth.A31
Ouro-2.6B,2Wiki,3,performer -> place of death,deep specificity,7.984031409025192,ouro_specificity,reports/discovery/ouro26_2wiki_offpath_specificity_v2_20260905T191900Z/model_merged.json,909fe2dcbd3fd2b78f5545332e6b430f45bd9ed18167a01620369aca2b1faf7b,summary.descriptive.per_relation_path.performer -> place of death.C3
Ouro-2.6B,2Wiki,3,performer -> place of death,specificity gain,7.978676646947861,ouro_specificity,reports/discovery/ouro26_2wiki_offpath_specificity_v2_20260905T191900Z/model_merged.json,909fe2dcbd3fd2b78f5545332e6b430f45bd9ed18167a01620369aca2b1faf7b,summary.descriptive.per_relation_path.performer -> place of death.A31
Ouro-2.6B,2Wiki,3,spouse -> country of citizenship,deep specificity,4.285360753536224,ouro_specificity,reports/discovery/ouro26_2wiki_offpath_specificity_v2_20260905T191900Z/model_merged.json,909fe2dcbd3fd2b78f5545332e6b430f45bd9ed18167a01620369aca2b1faf7b,summary.descriptive.per_relation_path.spouse -> country of citizenship.C3
Ouro-2.6B,2Wiki,3,spouse -> country of citizenship,specificity gain,4.2847771644592285,ouro_specificity,reports/discovery/ouro26_2wiki_offpath_specificity_v2_20260905T191900Z/model_merged.json,909fe2dcbd3fd2b78f5545332e6b430f45bd9ed18167a01620369aca2b1faf7b,summary.descriptive.per_relation_path.spouse -> country of citizenship.A31
Ouro-2.6B,2Wiki,3,spouse -> educated at,deep specificity,4.069624215364456,ouro_specificity,reports/discovery/ouro26_2wiki_offpath_specificity_v2_20260905T191900Z/model_merged.json,909fe2dcbd3fd2b78f5545332e6b430f45bd9ed18167a01620369aca2b1faf7b,summary.descriptive.per_relation_path.spouse -> educated at.C3
Ouro-2.6B,2Wiki,3,spouse -> educated at,specificity gain,4.040445059537888,ouro_specificity,reports/discovery/ouro26_2wiki_offpath_specificity_v2_20260905T191900Z/model_merged.json,909fe2dcbd3fd2b78f5545332e6b430f45bd9ed18167a01620369aca2b1faf7b,summary.descriptive.per_relation_path.spouse -> educated at.A31
Ouro-2.6B,2Wiki,3,spouse -> place of birth,deep specificity,4.064414769411087,ouro_specificity,reports/discovery/ouro26_2wiki_offpath_specificity_v2_20260905T191900Z/model_merged.json,909fe2dcbd3fd2b78f5545332e6b430f45bd9ed18167a01620369aca2b1faf7b,summary.descriptive.per_relation_path.spouse -> place of birth.C3
Ouro-2.6B,2Wiki,3,spouse -> place of birth,specificity gain,3.953052133321762,ouro_specificity,reports/discovery/ouro26_2wiki_offpath_specificity_v2_20260905T191900Z/model_merged.json,909fe2dcbd3fd2b78f5545332e6b430f45bd9ed18167a01620369aca2b1faf7b,summary.descriptive.per_relation_path.spouse -> place of birth.A31
Ouro-2.6B,2Wiki,3,spouse -> place of burial,deep specificity,3.7088242173194885,ouro_specificity,reports/discovery/ouro26_2wiki_offpath_specificity_v2_20260905T191900Z/model_merged.json,909fe2dcbd3fd2b78f5545332e6b430f45bd9ed18167a01620369aca2b1faf7b,summary.descriptive.per_relation_path.spouse -> place of burial.C3
Ouro-2.6B,2Wiki,3,spouse -> place of burial,specificity gain,3.6593433022499084,ouro_specificity,reports/discovery/ouro26_2wiki_offpath_specificity_v2_20260905T191900Z/model_merged.json,909fe2dcbd3fd2b78f5545332e6b430f45bd9ed18167a01620369aca2b1faf7b,summary.descriptive.per_relation_path.spouse -> place of burial.A31
Ouro-2.6B,2Wiki,3,spouse -> place of death,deep specificity,3.393412560224533,ouro_specificity,reports/discovery/ouro26_2wiki_offpath_specificity_v2_20260905T191900Z/model_merged.json,909fe2dcbd3fd2b78f5545332e6b430f45bd9ed18167a01620369aca2b1faf7b,summary.descriptive.per_relation_path.spouse -> place of death.C3
Ouro-2.6B,2Wiki,3,spouse -> place of death,specificity gain,3.382762759923935,ouro_specificity,reports/discovery/ouro26_2wiki_offpath_specificity_v2_20260905T191900Z/model_merged.json,909fe2dcbd3fd2b78f5545332e6b430f45bd9ed18167a01620369aca2b1faf7b,summary.descriptive.per_relation_path.spouse -> place of death.A31
LoopUS,2Wiki,8,composer -> country of citizenship,deep specificity,5.83190430700779,loopus_specificity,reports/discovery/loopus_2wiki_offpath_specificity_v1_20260906/result.json,faee92a918fc5c779397514093d6c739353fa48fc534d52f8160e36562f7819d,summary.descriptive_no_additional_gates.per_relation_path.composer -> country of citizenship.C8
LoopUS,2Wiki,8,composer -> country of citizenship,specificity gain,0.8349704816937447,loopus_specificity,reports/discovery/loopus_2wiki_offpath_specificity_v1_20260906/result.json,faee92a918fc5c779397514093d6c739353fa48fc534d52f8160e36562f7819d,summary.descriptive_no_additional_gates.per_relation_path.composer -> country of citizenship.A81
LoopUS,2Wiki,8,composer -> place of birth,deep specificity,4.907010352239013,loopus_specificity,reports/discovery/loopus_2wiki_offpath_specificity_v1_20260906/result.json,faee92a918fc5c779397514093d6c739353fa48fc534d52f8160e36562f7819d,summary.descriptive_no_additional_gates.per_relation_path.composer -> place of birth.C8
LoopUS,2Wiki,8,composer -> place of birth,specificity gain,1.5344245536252856,loopus_specificity,reports/discovery/loopus_2wiki_offpath_specificity_v1_20260906/result.json,faee92a918fc5c779397514093d6c739353fa48fc534d52f8160e36562f7819d,summary.descriptive_no_additional_gates.per_relation_path.composer -> place of birth.A81
LoopUS,2Wiki,8,composer -> place of death,deep specificity,3.2026369869709015,loopus_specificity,reports/discovery/loopus_2wiki_offpath_specificity_v1_20260906/result.json,faee92a918fc5c779397514093d6c739353fa48fc534d52f8160e36562f7819d,summary.descriptive_no_additional_gates.per_relation_path.composer -> place of death.C8
LoopUS,2Wiki,8,composer -> place of death,specificity gain,0.6267993086948991,loopus_specificity,reports/discovery/loopus_2wiki_offpath_specificity_v1_20260906/result.json,faee92a918fc5c779397514093d6c739353fa48fc534d52f8160e36562f7819d,summary.descriptive_no_additional_gates.per_relation_path.composer -> place of death.A81
LoopUS,2Wiki,8,director -> award received,deep specificity,3.319632515311241,loopus_specificity,reports/discovery/loopus_2wiki_offpath_specificity_v1_20260906/result.json,faee92a918fc5c779397514093d6c739353fa48fc534d52f8160e36562f7819d,summary.descriptive_no_additional_gates.per_relation_path.director -> award received.C8
LoopUS,2Wiki,8,director -> award received,specificity gain,1.1384508199989796,loopus_specificity,reports/discovery/loopus_2wiki_offpath_specificity_v1_20260906/result.json,faee92a918fc5c779397514093d6c739353fa48fc534d52f8160e36562f7819d,summary.descriptive_no_additional_gates.per_relation_path.director -> award received.A81
LoopUS,2Wiki,8,director -> child,deep specificity,2.6173410415649414,loopus_specificity,reports/discovery/loopus_2wiki_offpath_specificity_v1_20260906/result.json,faee92a918fc5c779397514093d6c739353fa48fc534d52f8160e36562f7819d,summary.descriptive_no_additional_gates.per_relation_path.director -> child.C8
LoopUS,2Wiki,8,director -> child,specificity gain,0.8302280344069004,loopus_specificity,reports/discovery/loopus_2wiki_offpath_specificity_v1_20260906/result.json,faee92a918fc5c779397514093d6c739353fa48fc534d52f8160e36562f7819d,summary.descriptive_no_additional_gates.per_relation_path.director -> child.A81
LoopUS,2Wiki,8,director -> country of citizenship,deep specificity,4.524082772433758,loopus_specificity,reports/discovery/loopus_2wiki_offpath_specificity_v1_20260906/result.json,faee92a918fc5c779397514093d6c739353fa48fc534d52f8160e36562f7819d,summary.descriptive_no_additional_gates.per_relation_path.director -> country of citizenship.C8
LoopUS,2Wiki,8,director -> country of citizenship,specificity gain,0.9002033956348896,loopus_specificity,reports/discovery/loopus_2wiki_offpath_specificity_v1_20260906/result.json,faee92a918fc5c779397514093d6c739353fa48fc534d52f8160e36562f7819d,summary.descriptive_no_additional_gates.per_relation_path.director -> country of citizenship.A81
LoopUS,2Wiki,8,director -> educated at,deep specificity,4.812665492296219,loopus_specificity,reports/discovery/loopus_2wiki_offpath_specificity_v1_20260906/result.json,faee92a918fc5c779397514093d6c739353fa48fc534d52f8160e36562f7819d,summary.descriptive_no_additional_gates.per_relation_path.director -> educated at.C8
LoopUS,2Wiki,8,director -> educated at,specificity gain,1.0958132836967707,loopus_specificity,reports/discovery/loopus_2wiki_offpath_specificity_v1_20260906/result.json,faee92a918fc5c779397514093d6c739353fa48fc534d52f8160e36562f7819d,summary.descriptive_no_additional_gates.per_relation_path.director -> educated at.A81
LoopUS,2Wiki,8,director -> employer,deep specificity,2.290686935186386,loopus_specificity,reports/discovery/loopus_2wiki_offpath_specificity_v1_20260906/result.json,faee92a918fc5c779397514093d6c739353fa48fc534d52f8160e36562f7819d,summary.descriptive_no_additional_gates.per_relation_path.director -> employer.C8
LoopUS,2Wiki,8,director -> employer,specificity gain,1.398130051791668,loopus_specificity,reports/discovery/loopus_2wiki_offpath_specificity_v1_20260906/result.json,faee92a918fc5c779397514093d6c739353fa48fc534d52f8160e36562f7819d,summary.descriptive_no_additional_gates.per_relation_path.director -> employer.A81
LoopUS,2Wiki,8,director -> father,deep specificity,3.1616011932492256,loopus_specificity,reports/discovery/loopus_2wiki_offpath_specificity_v1_20260906/result.json,faee92a918fc5c779397514093d6c739353fa48fc534d52f8160e36562f7819d,summary.descriptive_no_additional_gates.per_relation_path.director -> father.C8
LoopUS,2Wiki,8,director -> father,specificity gain,0.47599783912301064,loopus_specificity,reports/discovery/loopus_2wiki_offpath_specificity_v1_20260906/result.json,faee92a918fc5c779397514093d6c739353fa48fc534d52f8160e36562f7819d,summary.descriptive_no_additional_gates.per_relation_path.director -> father.A81
LoopUS,2Wiki,8,director -> place of birth,deep specificity,3.889571949839592,loopus_specificity,reports/discovery/loopus_2wiki_offpath_specificity_v1_20260906/result.json,faee92a918fc5c779397514093d6c739353fa48fc534d52f8160e36562f7819d,summary.descriptive_no_additional_gates.per_relation_path.director -> place of birth.C8
LoopUS,2Wiki,8,director -> place of birth,specificity gain,0.9316759188659489,loopus_specificity,reports/discovery/loopus_2wiki_offpath_specificity_v1_20260906/result.json,faee92a918fc5c779397514093d6c739353fa48fc534d52f8160e36562f7819d,summary.descriptive_no_additional_gates.per_relation_path.director -> place of birth.A81
LoopUS,2Wiki,8,director -> place of death,deep specificity,3.671002894639969,loopus_specificity,reports/discovery/loopus_2wiki_offpath_specificity_v1_20260906/result.json,faee92a918fc5c779397514093d6c739353fa48fc534d52f8160e36562f7819d,summary.descriptive_no_additional_gates.per_relation_path.director -> place of death.C8
LoopUS,2Wiki,8,director -> place of death,specificity gain,1.0136734694242477,loopus_specificity,reports/discovery/loopus_2wiki_offpath_specificity_v1_20260906/result.json,faee92a918fc5c779397514093d6c739353fa48fc534d52f8160e36562f7819d,summary.descriptive_no_additional_gates.per_relation_path.director -> place of death.A81
LoopUS,2Wiki,8,director -> spouse,deep specificity,3.057656913995743,loopus_specificity,reports/discovery/loopus_2wiki_offpath_specificity_v1_20260906/result.json,faee92a918fc5c779397514093d6c739353fa48fc534d52f8160e36562f7819d,summary.descriptive_no_additional_gates.per_relation_path.director -> spouse.C8
LoopUS,2Wiki,8,director -> spouse,specificity gain,0.5736890435218811,loopus_specificity,reports/discovery/loopus_2wiki_offpath_specificity_v1_20260906/result.json,faee92a918fc5c779397514093d6c739353fa48fc534d52f8160e36562f7819d,summary.descriptive_no_additional_gates.per_relation_path.director -> spouse.A81
LoopUS,2Wiki,8,father -> cause of death,deep specificity,2.0632233396172523,loopus_specificity,reports/discovery/loopus_2wiki_offpath_specificity_v1_20260906/result.json,faee92a918fc5c779397514093d6c739353fa48fc534d52f8160e36562f7819d,summary.descriptive_no_additional_gates.per_relation_path.father -> cause of death.C8
LoopUS,2Wiki,8,father -> cause of death,specificity gain,0.06969829648733139,loopus_specificity,reports/discovery/loopus_2wiki_offpath_specificity_v1_20260906/result.json,faee92a918fc5c779397514093d6c739353fa48fc534d52f8160e36562f7819d,summary.descriptive_no_additional_gates.per_relation_path.father -> cause of death.A81
LoopUS,2Wiki,8,father -> country of citizenship,deep specificity,2.610753931105137,loopus_specificity,reports/discovery/loopus_2wiki_offpath_specificity_v1_20260906/result.json,faee92a918fc5c779397514093d6c739353fa48fc534d52f8160e36562f7819d,summary.descriptive_no_additional_gates.per_relation_path.father -> country of citizenship.C8
LoopUS,2Wiki,8,father -> country of citizenship,specificity gain,0.38219501823186874,loopus_specificity,reports/discovery/loopus_2wiki_offpath_specificity_v1_20260906/result.json,faee92a918fc5c779397514093d6c739353fa48fc534d52f8160e36562f7819d,summary.descriptive_no_additional_gates.per_relation_path.father -> country of citizenship.A81
LoopUS,2Wiki,8,father -> educated at,deep specificity,1.7004395015537739,loopus_specificity,reports/discovery/loopus_2wiki_offpath_specificity_v1_20260906/result.json,faee92a918fc5c779397514093d6c739353fa48fc534d52f8160e36562f7819d,summary.descriptive_no_additional_gates.per_relation_path.father -> educated at.C8
LoopUS,2Wiki,8,father -> educated at,specificity gain,0.7408189028501511,loopus_specificity,reports/discovery/loopus_2wiki_offpath_specificity_v1_20260906/result.json,faee92a918fc5c779397514093d6c739353fa48fc534d52f8160e36562f7819d,summary.descriptive_no_additional_gates.per_relation_path.father -> educated at.A81
LoopUS,2Wiki,8,father -> place of birth,deep specificity,2.3463689908385277,loopus_specificity,reports/discovery/loopus_2wiki_offpath_specificity_v1_20260906/result.json,faee92a918fc5c779397514093d6c739353fa48fc534d52f8160e36562f7819d,summary.descriptive_no_additional_gates.per_relation_path.father -> place of birth.C8
LoopUS,2Wiki,8,father -> place of birth,specificity gain,1.4821512009948492,loopus_specificity,reports/discovery/loopus_2wiki_offpath_specificity_v1_20260906/result.json,faee92a918fc5c779397514093d6c739353fa48fc534d52f8160e36562f7819d,summary.descriptive_no_additional_gates.per_relation_path.father -> place of birth.A81
LoopUS,2Wiki,8,father -> place of burial,deep specificity,1.9408805221319199,loopus_specificity,reports/discovery/loopus_2wiki_offpath_specificity_v1_20260906/result.json,faee92a918fc5c779397514093d6c739353fa48fc534d52f8160e36562f7819d,summary.descriptive_no_additional_gates.per_relation_path.father -> place of burial.C8
LoopUS,2Wiki,8,father -> place of burial,specificity gain,0.861009081825614,loopus_specificity,reports/discovery/loopus_2wiki_offpath_specificity_v1_20260906/result.json,faee92a918fc5c779397514093d6c739353fa48fc534d52f8160e36562f7819d,summary.descriptive_no_additional_gates.per_relation_path.father -> place of burial.A81
LoopUS,2Wiki,8,father -> place of death,deep specificity,1.8441643118858337,loopus_specificity,reports/discovery/loopus_2wiki_offpath_specificity_v1_20260906/result.json,faee92a918fc5c779397514093d6c739353fa48fc534d52f8160e36562f7819d,summary.descriptive_no_additional_gates.per_relation_path.father -> place of death.C8
LoopUS,2Wiki,8,father -> place of death,specificity gain,0.45694707753136754,loopus_specificity,reports/discovery/loopus_2wiki_offpath_specificity_v1_20260906/result.json,faee92a918fc5c779397514093d6c739353fa48fc534d52f8160e36562f7819d,summary.descriptive_no_additional_gates.per_relation_path.father -> place of death.A81
LoopUS,2Wiki,8,founded by -> place of birth,deep specificity,4.477096822112799,loopus_specificity,reports/discovery/loopus_2wiki_offpath_specificity_v1_20260906/result.json,faee92a918fc5c779397514093d6c739353fa48fc534d52f8160e36562f7819d,summary.descriptive_no_additional_gates.per_relation_path.founded by -> place of birth.C8
LoopUS,2Wiki,8,founded by -> place of birth,specificity gain,-0.2656386625021696,loopus_specificity,reports/discovery/loopus_2wiki_offpath_specificity_v1_20260906/result.json,faee92a918fc5c779397514093d6c739353fa48fc534d52f8160e36562f7819d,summary.descriptive_no_additional_gates.per_relation_path.founded by -> place of birth.A81
LoopUS,2Wiki,8,mother -> country of citizenship,deep specificity,2.1563883163034916,loopus_specificity,reports/discovery/loopus_2wiki_offpath_specificity_v1_20260906/result.json,faee92a918fc5c779397514093d6c739353fa48fc534d52f8160e36562f7819d,summary.descriptive_no_additional_gates.per_relation_path.mother -> country of citizenship.C8
LoopUS,2Wiki,8,mother -> country of citizenship,specificity gain,0.09762900555506349,loopus_specificity,reports/discovery/loopus_2wiki_offpath_specificity_v1_20260906/result.json,faee92a918fc5c779397514093d6c739353fa48fc534d52f8160e36562f7819d,summary.descriptive_no_additional_gates.per_relation_path.mother -> country of citizenship.A81
LoopUS,2Wiki,8,mother -> place of birth,deep specificity,2.9638469479978085,loopus_specificity,reports/discovery/loopus_2wiki_offpath_specificity_v1_20260906/result.json,faee92a918fc5c779397514093d6c739353fa48fc534d52f8160e36562f7819d,summary.descriptive_no_additional_gates.per_relation_path.mother -> place of birth.C8
LoopUS,2Wiki,8,mother -> place of birth,specificity gain,1.1995407212525606,loopus_specificity,reports/discovery/loopus_2wiki_offpath_specificity_v1_20260906/result.json,faee92a918fc5c779397514093d6c739353fa48fc534d52f8160e36562f7819d,summary.descriptive_no_additional_gates.per_relation_path.mother -> place of birth.A81
LoopUS,2Wiki,8,mother -> place of death,deep specificity,3.899525925517082,loopus_specificity,reports/discovery/loopus_2wiki_offpath_specificity_v1_20260906/result.json,faee92a918fc5c779397514093d6c739353fa48fc534d52f8160e36562f7819d,summary.descriptive_no_additional_gates.per_relation_path.mother -> place of death.C8
LoopUS,2Wiki,8,mother -> place of death,specificity gain,1.907983846962452,loopus_specificity,reports/discovery/loopus_2wiki_offpath_specificity_v1_20260906/result.json,faee92a918fc5c779397514093d6c739353fa48fc534d52f8160e36562f7819d,summary.descriptive_no_additional_gates.per_relation_path.mother -> place of death.A81
LoopUS,2Wiki,8,performer -> award received,deep specificity,5.836599752306938,loopus_specificity,reports/discovery/loopus_2wiki_offpath_specificity_v1_20260906/result.json,faee92a918fc5c779397514093d6c739353fa48fc534d52f8160e36562f7819d,summary.descriptive_no_additional_gates.per_relation_path.performer -> award received.C8
LoopUS,2Wiki,8,performer -> award received,specificity gain,1.6809359043836594,loopus_specificity,reports/discovery/loopus_2wiki_offpath_specificity_v1_20260906/result.json,faee92a918fc5c779397514093d6c739353fa48fc534d52f8160e36562f7819d,summary.descriptive_no_additional_gates.per_relation_path.performer -> award received.A81
LoopUS,2Wiki,8,performer -> country of citizenship,deep specificity,4.670373633503914,loopus_specificity,reports/discovery/loopus_2wiki_offpath_specificity_v1_20260906/result.json,faee92a918fc5c779397514093d6c739353fa48fc534d52f8160e36562f7819d,summary.descriptive_no_additional_gates.per_relation_path.performer -> country of citizenship.C8
LoopUS,2Wiki,8,performer -> country of citizenship,specificity gain,0.4205088559538126,loopus_specificity,reports/discovery/loopus_2wiki_offpath_specificity_v1_20260906/result.json,faee92a918fc5c779397514093d6c739353fa48fc534d52f8160e36562f7819d,summary.descriptive_no_additional_gates.per_relation_path.performer -> country of citizenship.A81
LoopUS,2Wiki,8,performer -> place of birth,deep specificity,6.795590825378895,loopus_specificity,reports/discovery/loopus_2wiki_offpath_specificity_v1_20260906/result.json,faee92a918fc5c779397514093d6c739353fa48fc534d52f8160e36562f7819d,summary.descriptive_no_additional_gates.per_relation_path.performer -> place of birth.C8
LoopUS,2Wiki,8,performer -> place of birth,specificity gain,1.9206540659070015,loopus_specificity,reports/discovery/loopus_2wiki_offpath_specificity_v1_20260906/result.json,faee92a918fc5c779397514093d6c739353fa48fc534d52f8160e36562f7819d,summary.descriptive_no_additional_gates.per_relation_path.performer -> place of birth.A81
LoopUS,2Wiki,8,performer -> place of death,deep specificity,4.988040816038847,loopus_specificity,reports/discovery/loopus_2wiki_offpath_specificity_v1_20260906/result.json,faee92a918fc5c779397514093d6c739353fa48fc534d52f8160e36562f7819d,summary.descriptive_no_additional_gates.per_relation_path.performer -> place of death.C8
LoopUS,2Wiki,8,performer -> place of death,specificity gain,1.2427041562623344,loopus_specificity,reports/discovery/loopus_2wiki_offpath_specificity_v1_20260906/result.json,faee92a918fc5c779397514093d6c739353fa48fc534d52f8160e36562f7819d,summary.descriptive_no_additional_gates.per_relation_path.performer -> place of death.A81
LoopUS,2Wiki,8,spouse -> country of citizenship,deep specificity,1.8467013835906982,loopus_specificity,reports/discovery/loopus_2wiki_offpath_specificity_v1_20260906/result.json,faee92a918fc5c779397514093d6c739353fa48fc534d52f8160e36562f7819d,summary.descriptive_no_additional_gates.per_relation_path.spouse -> country of citizenship.C8
LoopUS,2Wiki,8,spouse -> country of citizenship,specificity gain,0.2624003477394581,loopus_specificity,reports/discovery/loopus_2wiki_offpath_specificity_v1_20260906/result.json,faee92a918fc5c779397514093d6c739353fa48fc534d52f8160e36562f7819d,summary.descriptive_no_additional_gates.per_relation_path.spouse -> country of citizenship.A81
LoopUS,2Wiki,8,spouse -> educated at,deep specificity,2.8261143937706947,loopus_specificity,reports/discovery/loopus_2wiki_offpath_specificity_v1_20260906/result.json,faee92a918fc5c779397514093d6c739353fa48fc534d52f8160e36562f7819d,summary.descriptive_no_additional_gates.per_relation_path.spouse -> educated at.C8
LoopUS,2Wiki,8,spouse -> educated at,specificity gain,0.9613982923328876,loopus_specificity,reports/discovery/loopus_2wiki_offpath_specificity_v1_20260906/result.json,faee92a918fc5c779397514093d6c739353fa48fc534d52f8160e36562f7819d,summary.descriptive_no_additional_gates.per_relation_path.spouse -> educated at.A81
LoopUS,2Wiki,8,spouse -> place of birth,deep specificity,3.6091970652341843,loopus_specificity,reports/discovery/loopus_2wiki_offpath_specificity_v1_20260906/result.json,faee92a918fc5c779397514093d6c739353fa48fc534d52f8160e36562f7819d,summary.descriptive_no_additional_gates.per_relation_path.spouse -> place of birth.C8
LoopUS,2Wiki,8,spouse -> place of birth,specificity gain,0.6677726320922375,loopus_specificity,reports/discovery/loopus_2wiki_offpath_specificity_v1_20260906/result.json,faee92a918fc5c779397514093d6c739353fa48fc534d52f8160e36562f7819d,summary.descriptive_no_additional_gates.per_relation_path.spouse -> place of birth.A81
LoopUS,2Wiki,8,spouse -> place of burial,deep specificity,3.4404956847429276,loopus_specificity,reports/discovery/loopus_2wiki_offpath_specificity_v1_20260906/result.json,faee92a918fc5c779397514093d6c739353fa48fc534d52f8160e36562f7819d,summary.descriptive_no_additional_gates.per_relation_path.spouse -> place of burial.C8
LoopUS,2Wiki,8,spouse -> place of burial,specificity gain,1.682534446939826,loopus_specificity,reports/discovery/loopus_2wiki_offpath_specificity_v1_20260906/result.json,faee92a918fc5c779397514093d6c739353fa48fc534d52f8160e36562f7819d,summary.descriptive_no_additional_gates.per_relation_path.spouse -> place of burial.A81
LoopUS,2Wiki,8,spouse -> place of death,deep specificity,3.4965811520814896,loopus_specificity,reports/discovery/loopus_2wiki_offpath_specificity_v1_20260906/result.json,faee92a918fc5c779397514093d6c739353fa48fc534d52f8160e36562f7819d,summary.descriptive_no_additional_gates.per_relation_path.spouse -> place of death.C8
LoopUS,2Wiki,8,spouse -> place of death,specificity gain,0.6831198162399232,loopus_specificity,reports/discovery/loopus_2wiki_offpath_specificity_v1_20260906/result.json,faee92a918fc5c779397514093d6c739353fa48fc534d52f8160e36562f7819d,summary.descriptive_no_additional_gates.per_relation_path.spouse -> place of death.A81
