dataset,pair_id,cluster,isolated_fact_preference,frozen_k3_residual,spearman,spearman_ci_low,spearman_ci_high,source_id,source_path,source_sha256,json_path
2Wiki,validationpair-000018097a85d94e697fda79,director -> place of birth,1.2578125,1.601562738418579,0.4583855232100707,0.2339433898142198,0.6393032170887254,terminal_compatibility,reports/discovery/ouro26_terminal_fact_compatibility_v1_20260906/result.json,fa04368d6a6719f1b46335f6d89bbcb1ea4b38134a86248db25f4bf17bb2fe90,datasets.2wiki.pair_records
2Wiki,validationpair-0001c51f0e11de75f6204b95,director -> place of birth,1.0625,0.34375011920928955,0.4583855232100707,0.2339433898142198,0.6393032170887254,terminal_compatibility,reports/discovery/ouro26_terminal_fact_compatibility_v1_20260906/result.json,fa04368d6a6719f1b46335f6d89bbcb1ea4b38134a86248db25f4bf17bb2fe90,datasets.2wiki.pair_records
2Wiki,validationpair-00059b256f0f8987d0b6f7ff,spouse -> place of death,3.5,4.033203363418579,0.4583855232100707,0.2339433898142198,0.6393032170887254,terminal_compatibility,reports/discovery/ouro26_terminal_fact_compatibility_v1_20260906/result.json,fa04368d6a6719f1b46335f6d89bbcb1ea4b38134a86248db25f4bf17bb2fe90,datasets.2wiki.pair_records
2Wiki,validationpair-000719f625022018955953dc,director -> place of birth,-0.20312488079071045,-0.5703123211860657,0.4583855232100707,0.2339433898142198,0.6393032170887254,terminal_compatibility,reports/discovery/ouro26_terminal_fact_compatibility_v1_20260906/result.json,fa04368d6a6719f1b46335f6d89bbcb1ea4b38134a86248db25f4bf17bb2fe90,datasets.2wiki.pair_records
2Wiki,validationpair-00098120094af3d764b4794a,father -> place of death,1.5546875,1.4843753576278687,0.4583855232100707,0.2339433898142198,0.6393032170887254,terminal_compatibility,reports/discovery/ouro26_terminal_fact_compatibility_v1_20260906/result.json,fa04368d6a6719f1b46335f6d89bbcb1ea4b38134a86248db25f4bf17bb2fe90,datasets.2wiki.pair_records
2Wiki,validationpair-0009aaac71c0754b82eda3d5,father -> place of birth,3.939231753349304,0.7239770889282227,0.4583855232100707,0.2339433898142198,0.6393032170887254,terminal_compatibility,reports/discovery/ouro26_terminal_fact_compatibility_v1_20260906/result.json,fa04368d6a6719f1b46335f6d89bbcb1ea4b38134a86248db25f4bf17bb2fe90,datasets.2wiki.pair_records
2Wiki,validationpair-000a8222bf5144ca7eb0745a,director -> place of birth,1.2752102613449097,0.1945418119430542,0.4583855232100707,0.2339433898142198,0.6393032170887254,terminal_compatibility,reports/discovery/ouro26_terminal_fact_compatibility_v1_20260906/result.json,fa04368d6a6719f1b46335f6d89bbcb1ea4b38134a86248db25f4bf17bb2fe90,datasets.2wiki.pair_records
2Wiki,validationpair-000ad41337058a8541cd1ac7,spouse -> place of death,0.2165675163269043,2.455569863319397,0.4583855232100707,0.2339433898142198,0.6393032170887254,terminal_compatibility,reports/discovery/ouro26_terminal_fact_compatibility_v1_20260906/result.json,fa04368d6a6719f1b46335f6d89bbcb1ea4b38134a86248db25f4bf17bb2fe90,datasets.2wiki.pair_records
2Wiki,validationpair-000df6b319a284c72b7aa8c6,director -> country of citizenship,2.1171875,1.2265623807907104,0.4583855232100707,0.2339433898142198,0.6393032170887254,terminal_compatibility,reports/discovery/ouro26_terminal_fact_compatibility_v1_20260906/result.json,fa04368d6a6719f1b46335f6d89bbcb1ea4b38134a86248db25f4bf17bb2fe90,datasets.2wiki.pair_records
2Wiki,validationpair-000e2dd71ec79947f5850535,performer -> country of citizenship,3.6406248807907104,2.6328125,0.4583855232100707,0.2339433898142198,0.6393032170887254,terminal_compatibility,reports/discovery/ouro26_terminal_fact_compatibility_v1_20260906/result.json,fa04368d6a6719f1b46335f6d89bbcb1ea4b38134a86248db25f4bf17bb2fe90,datasets.2wiki.pair_records
2Wiki,validationpair-001132c869995b344feebe1b,director -> place of death,0.015625,0.6249997615814209,0.4583855232100707,0.2339433898142198,0.6393032170887254,terminal_compatibility,reports/discovery/ouro26_terminal_fact_compatibility_v1_20260906/result.json,fa04368d6a6719f1b46335f6d89bbcb1ea4b38134a86248db25f4bf17bb2fe90,datasets.2wiki.pair_records
2Wiki,validationpair-00113844e60fa233838cf74e,spouse -> place of death,2.14031720161438,0.9375214576721191,0.4583855232100707,0.2339433898142198,0.6393032170887254,terminal_compatibility,reports/discovery/ouro26_terminal_fact_compatibility_v1_20260906/result.json,fa04368d6a6719f1b46335f6d89bbcb1ea4b38134a86248db25f4bf17bb2fe90,datasets.2wiki.pair_records
2Wiki,validationpair-0013498bd5f4ab6e57159fe8,spouse -> place of birth,1.269749641418457,0.4238929748535156,0.4583855232100707,0.2339433898142198,0.6393032170887254,terminal_compatibility,reports/discovery/ouro26_terminal_fact_compatibility_v1_20260906/result.json,fa04368d6a6719f1b46335f6d89bbcb1ea4b38134a86248db25f4bf17bb2fe90,datasets.2wiki.pair_records
2Wiki,validationpair-001617913f4101c561adea99,father -> country of citizenship,3.5332027673721313,1.736327886581421,0.4583855232100707,0.2339433898142198,0.6393032170887254,terminal_compatibility,reports/discovery/ouro26_terminal_fact_compatibility_v1_20260906/result.json,fa04368d6a6719f1b46335f6d89bbcb1ea4b38134a86248db25f4bf17bb2fe90,datasets.2wiki.pair_records
2Wiki,validationpair-00166ec85011b773b35476f9,father -> place of death,0.7396962642669678,1.0681763887405396,0.4583855232100707,0.2339433898142198,0.6393032170887254,terminal_compatibility,reports/discovery/ouro26_terminal_fact_compatibility_v1_20260906/result.json,fa04368d6a6719f1b46335f6d89bbcb1ea4b38134a86248db25f4bf17bb2fe90,datasets.2wiki.pair_records
2Wiki,validationpair-0016fbdec6bd8f1ccffb6dd0,father -> place of death,2.6171873807907104,-0.1015629768371582,0.4583855232100707,0.2339433898142198,0.6393032170887254,terminal_compatibility,reports/discovery/ouro26_terminal_fact_compatibility_v1_20260906/result.json,fa04368d6a6719f1b46335f6d89bbcb1ea4b38134a86248db25f4bf17bb2fe90,datasets.2wiki.pair_records
2Wiki,validationpair-0017937e77c1be3dcae75434,father -> place of birth,2.523437738418579,2.0390626192092896,0.4583855232100707,0.2339433898142198,0.6393032170887254,terminal_compatibility,reports/discovery/ouro26_terminal_fact_compatibility_v1_20260906/result.json,fa04368d6a6719f1b46335f6d89bbcb1ea4b38134a86248db25f4bf17bb2fe90,datasets.2wiki.pair_records
2Wiki,validationpair-00180ec658dc0c0e50e85d40,director -> country of citizenship,2.6249998807907104,2.062500238418579,0.4583855232100707,0.2339433898142198,0.6393032170887254,terminal_compatibility,reports/discovery/ouro26_terminal_fact_compatibility_v1_20260906/result.json,fa04368d6a6719f1b46335f6d89bbcb1ea4b38134a86248db25f4bf17bb2fe90,datasets.2wiki.pair_records
2Wiki,validationpair-002abc34f868c61232512528,father -> place of death,-0.42010581493377686,0.7814202904701233,0.4583855232100707,0.2339433898142198,0.6393032170887254,terminal_compatibility,reports/discovery/ouro26_terminal_fact_compatibility_v1_20260906/result.json,fa04368d6a6719f1b46335f6d89bbcb1ea4b38134a86248db25f4bf17bb2fe90,datasets.2wiki.pair_records
2Wiki,validationpair-002b76a69e4ae991c0f70042,director -> country of citizenship,2.453125,1.3671875,0.4583855232100707,0.2339433898142198,0.6393032170887254,terminal_compatibility,reports/discovery/ouro26_terminal_fact_compatibility_v1_20260906/result.json,fa04368d6a6719f1b46335f6d89bbcb1ea4b38134a86248db25f4bf17bb2fe90,datasets.2wiki.pair_records
2Wiki,validationpair-002fb1f3a775a15015b9701c,spouse -> country of citizenship,0.5781248807907104,0.5546873807907104,0.4583855232100707,0.2339433898142198,0.6393032170887254,terminal_compatibility,reports/discovery/ouro26_terminal_fact_compatibility_v1_20260906/result.json,fa04368d6a6719f1b46335f6d89bbcb1ea4b38134a86248db25f4bf17bb2fe90,datasets.2wiki.pair_records
2Wiki,validationpair-00329ce87732ee5a2f611221,father -> place of birth,0.6542398929595947,0.7379753589630127,0.4583855232100707,0.2339433898142198,0.6393032170887254,terminal_compatibility,reports/discovery/ouro26_terminal_fact_compatibility_v1_20260906/result.json,fa04368d6a6719f1b46335f6d89bbcb1ea4b38134a86248db25f4bf17bb2fe90,datasets.2wiki.pair_records
2Wiki,validationpair-0036fafd524650f71fc2e7f1,director -> country of citizenship,5.0253907442092896,1.5859375,0.4583855232100707,0.2339433898142198,0.6393032170887254,terminal_compatibility,reports/discovery/ouro26_terminal_fact_compatibility_v1_20260906/result.json,fa04368d6a6719f1b46335f6d89bbcb1ea4b38134a86248db25f4bf17bb2fe90,datasets.2wiki.pair_records
2Wiki,validationpair-003b8e5025f72ae25a373699,father -> country of citizenship,4.010858774185181,1.047993779182434,0.4583855232100707,0.2339433898142198,0.6393032170887254,terminal_compatibility,reports/discovery/ouro26_terminal_fact_compatibility_v1_20260906/result.json,fa04368d6a6719f1b46335f6d89bbcb1ea4b38134a86248db25f4bf17bb2fe90,datasets.2wiki.pair_records
2Wiki,validationpair-003e901771cd1287309232c7,director -> place of death,0.8281248807907104,0.623046875,0.4583855232100707,0.2339433898142198,0.6393032170887254,terminal_compatibility,reports/discovery/ouro26_terminal_fact_compatibility_v1_20260906/result.json,fa04368d6a6719f1b46335f6d89bbcb1ea4b38134a86248db25f4bf17bb2fe90,datasets.2wiki.pair_records
2Wiki,validationpair-0043ce9db521f43e7d3a3a35,performer -> place of death,0.962457537651062,-0.05520153045654297,0.4583855232100707,0.2339433898142198,0.6393032170887254,terminal_compatibility,reports/discovery/ouro26_terminal_fact_compatibility_v1_20260906/result.json,fa04368d6a6719f1b46335f6d89bbcb1ea4b38134a86248db25f4bf17bb2fe90,datasets.2wiki.pair_records
2Wiki,validationpair-0049b92ec1fa7cdcbd4ca98e,father -> place of birth,4.4296875,2.0781251192092896,0.4583855232100707,0.2339433898142198,0.6393032170887254,terminal_compatibility,reports/discovery/ouro26_terminal_fact_compatibility_v1_20260906/result.json,fa04368d6a6719f1b46335f6d89bbcb1ea4b38134a86248db25f4bf17bb2fe90,datasets.2wiki.pair_records
2Wiki,validationpair-004d9190e29d6148c589151e,performer -> place of death,1.046875,0.9531247615814209,0.4583855232100707,0.2339433898142198,0.6393032170887254,terminal_compatibility,reports/discovery/ouro26_terminal_fact_compatibility_v1_20260906/result.json,fa04368d6a6719f1b46335f6d89bbcb1ea4b38134a86248db25f4bf17bb2fe90,datasets.2wiki.pair_records
2Wiki,validationpair-005cad7f71a7057c9fefbfd4,spouse -> place of birth,2.0312501192092896,1.3359375,0.4583855232100707,0.2339433898142198,0.6393032170887254,terminal_compatibility,reports/discovery/ouro26_terminal_fact_compatibility_v1_20260906/result.json,fa04368d6a6719f1b46335f6d89bbcb1ea4b38134a86248db25f4bf17bb2fe90,datasets.2wiki.pair_records
2Wiki,validationpair-0061e52f767e8966676966c3,director -> place of death,0.4921877384185791,0.4062502384185791,0.4583855232100707,0.2339433898142198,0.6393032170887254,terminal_compatibility,reports/discovery/ouro26_terminal_fact_compatibility_v1_20260906/result.json,fa04368d6a6719f1b46335f6d89bbcb1ea4b38134a86248db25f4bf17bb2fe90,datasets.2wiki.pair_records
2Wiki,validationpair-00643eb8161a6a739449ada7,director -> spouse,0.7193026542663574,0.30387914180755615,0.4583855232100707,0.2339433898142198,0.6393032170887254,terminal_compatibility,reports/discovery/ouro26_terminal_fact_compatibility_v1_20260906/result.json,fa04368d6a6719f1b46335f6d89bbcb1ea4b38134a86248db25f4bf17bb2fe90,datasets.2wiki.pair_records
2Wiki,validationpair-0065e02227392ebcd582fc05,spouse -> place of death,1.3528021574020386,3.352009892463684,0.4583855232100707,0.2339433898142198,0.6393032170887254,terminal_compatibility,reports/discovery/ouro26_terminal_fact_compatibility_v1_20260906/result.json,fa04368d6a6719f1b46335f6d89bbcb1ea4b38134a86248db25f4bf17bb2fe90,datasets.2wiki.pair_records
2Wiki,validationpair-0066421540023838af006d7c,mother -> place of birth,0.6796875,0.63671875,0.4583855232100707,0.2339433898142198,0.6393032170887254,terminal_compatibility,reports/discovery/ouro26_terminal_fact_compatibility_v1_20260906/result.json,fa04368d6a6719f1b46335f6d89bbcb1ea4b38134a86248db25f4bf17bb2fe90,datasets.2wiki.pair_records
2Wiki,validationpair-00686789913d7b402c5e0cef,director -> place of death,1.3414782285690308,0.8381404876708984,0.4583855232100707,0.2339433898142198,0.6393032170887254,terminal_compatibility,reports/discovery/ouro26_terminal_fact_compatibility_v1_20260906/result.json,fa04368d6a6719f1b46335f6d89bbcb1ea4b38134a86248db25f4bf17bb2fe90,datasets.2wiki.pair_records
2Wiki,validationpair-0069184fd6ff919310d3e3fb,father -> country of citizenship,0.7109375,1.328125,0.4583855232100707,0.2339433898142198,0.6393032170887254,terminal_compatibility,reports/discovery/ouro26_terminal_fact_compatibility_v1_20260906/result.json,fa04368d6a6719f1b46335f6d89bbcb1ea4b38134a86248db25f4bf17bb2fe90,datasets.2wiki.pair_records
2Wiki,validationpair-00792a051f07fe35d713ea17,director -> spouse,-0.15174973011016846,1.1649690866470337,0.4583855232100707,0.2339433898142198,0.6393032170887254,terminal_compatibility,reports/discovery/ouro26_terminal_fact_compatibility_v1_20260906/result.json,fa04368d6a6719f1b46335f6d89bbcb1ea4b38134a86248db25f4bf17bb2fe90,datasets.2wiki.pair_records
2Wiki,validationpair-007c5fc36b90b87240f13d1c,performer -> place of birth,1.2822316884994507,-0.025656938552856445,0.4583855232100707,0.2339433898142198,0.6393032170887254,terminal_compatibility,reports/discovery/ouro26_terminal_fact_compatibility_v1_20260906/result.json,fa04368d6a6719f1b46335f6d89bbcb1ea4b38134a86248db25f4bf17bb2fe90,datasets.2wiki.pair_records
2Wiki,validationpair-007e52b0d9ba06b249e31593,director -> award received,0.9257141351699829,0.6479651927947998,0.4583855232100707,0.2339433898142198,0.6393032170887254,terminal_compatibility,reports/discovery/ouro26_terminal_fact_compatibility_v1_20260906/result.json,fa04368d6a6719f1b46335f6d89bbcb1ea4b38134a86248db25f4bf17bb2fe90,datasets.2wiki.pair_records
2Wiki,validationpair-008a5701272a8743557961e4,father -> country of citizenship,3.2226563692092896,1.906249761581421,0.4583855232100707,0.2339433898142198,0.6393032170887254,terminal_compatibility,reports/discovery/ouro26_terminal_fact_compatibility_v1_20260906/result.json,fa04368d6a6719f1b46335f6d89bbcb1ea4b38134a86248db25f4bf17bb2fe90,datasets.2wiki.pair_records
2Wiki,validationpair-009f46c7309fcb9490640f35,spouse -> place of birth,0.3087186813354492,1.176525354385376,0.4583855232100707,0.2339433898142198,0.6393032170887254,terminal_compatibility,reports/discovery/ouro26_terminal_fact_compatibility_v1_20260906/result.json,fa04368d6a6719f1b46335f6d89bbcb1ea4b38134a86248db25f4bf17bb2fe90,datasets.2wiki.pair_records
2Wiki,validationpair-00bf31388a0b5ead4fb35ba6,composer -> place of death,2.3164061307907104,0.5000004768371582,0.4583855232100707,0.2339433898142198,0.6393032170887254,terminal_compatibility,reports/discovery/ouro26_terminal_fact_compatibility_v1_20260906/result.json,fa04368d6a6719f1b46335f6d89bbcb1ea4b38134a86248db25f4bf17bb2fe90,datasets.2wiki.pair_records
2Wiki,validationpair-00c2b2e72057a64034b5cbbc,spouse -> place of birth,1.933877944946289,1.0238044261932373,0.4583855232100707,0.2339433898142198,0.6393032170887254,terminal_compatibility,reports/discovery/ouro26_terminal_fact_compatibility_v1_20260906/result.json,fa04368d6a6719f1b46335f6d89bbcb1ea4b38134a86248db25f4bf17bb2fe90,datasets.2wiki.pair_records
2Wiki,validationpair-00c9f6e99fed79d201f6fdfb,composer -> country of citizenship,1.953125,1.671875,0.4583855232100707,0.2339433898142198,0.6393032170887254,terminal_compatibility,reports/discovery/ouro26_terminal_fact_compatibility_v1_20260906/result.json,fa04368d6a6719f1b46335f6d89bbcb1ea4b38134a86248db25f4bf17bb2fe90,datasets.2wiki.pair_records
2Wiki,validationpair-00d0ba26484c7f83842bb2c0,performer -> place of birth,1.2876372337341309,0.49101531505584717,0.4583855232100707,0.2339433898142198,0.6393032170887254,terminal_compatibility,reports/discovery/ouro26_terminal_fact_compatibility_v1_20260906/result.json,fa04368d6a6719f1b46335f6d89bbcb1ea4b38134a86248db25f4bf17bb2fe90,datasets.2wiki.pair_records
2Wiki,validationpair-00fb520d69f6ab372d7b144d,director -> spouse,0.753192663192749,0.14653968811035156,0.4583855232100707,0.2339433898142198,0.6393032170887254,terminal_compatibility,reports/discovery/ouro26_terminal_fact_compatibility_v1_20260906/result.json,fa04368d6a6719f1b46335f6d89bbcb1ea4b38134a86248db25f4bf17bb2fe90,datasets.2wiki.pair_records
2Wiki,validationpair-012fa4e38845d7fc6c76e011,father -> place of burial,2.5902838706970215,1.9602751731872559,0.4583855232100707,0.2339433898142198,0.6393032170887254,terminal_compatibility,reports/discovery/ouro26_terminal_fact_compatibility_v1_20260906/result.json,fa04368d6a6719f1b46335f6d89bbcb1ea4b38134a86248db25f4bf17bb2fe90,datasets.2wiki.pair_records
2Wiki,validationpair-0144ad89d1e3e13cc6c4d0d4,performer -> place of birth,0.7656251192092896,0.6874998807907104,0.4583855232100707,0.2339433898142198,0.6393032170887254,terminal_compatibility,reports/discovery/ouro26_terminal_fact_compatibility_v1_20260906/result.json,fa04368d6a6719f1b46335f6d89bbcb1ea4b38134a86248db25f4bf17bb2fe90,datasets.2wiki.pair_records
2Wiki,validationpair-0155d694746300b6707e2b7c,performer -> country of citizenship,4.0625001192092896,0.6406253576278687,0.4583855232100707,0.2339433898142198,0.6393032170887254,terminal_compatibility,reports/discovery/ouro26_terminal_fact_compatibility_v1_20260906/result.json,fa04368d6a6719f1b46335f6d89bbcb1ea4b38134a86248db25f4bf17bb2fe90,datasets.2wiki.pair_records
2Wiki,validationpair-017a4ad7b81ca01703e22ffd,spouse -> country of citizenship,3.627102851867676,0.8416833877563477,0.4583855232100707,0.2339433898142198,0.6393032170887254,terminal_compatibility,reports/discovery/ouro26_terminal_fact_compatibility_v1_20260906/result.json,fa04368d6a6719f1b46335f6d89bbcb1ea4b38134a86248db25f4bf17bb2fe90,datasets.2wiki.pair_records
2Wiki,validationpair-01bd794d12c27ea689098c49,father -> place of burial,1.1875,1.2187498807907104,0.4583855232100707,0.2339433898142198,0.6393032170887254,terminal_compatibility,reports/discovery/ouro26_terminal_fact_compatibility_v1_20260906/result.json,fa04368d6a6719f1b46335f6d89bbcb1ea4b38134a86248db25f4bf17bb2fe90,datasets.2wiki.pair_records
2Wiki,validationpair-01f918ebfc50160c2981301e,mother -> place of death,1.029136300086975,0.2102954387664795,0.4583855232100707,0.2339433898142198,0.6393032170887254,terminal_compatibility,reports/discovery/ouro26_terminal_fact_compatibility_v1_20260906/result.json,fa04368d6a6719f1b46335f6d89bbcb1ea4b38134a86248db25f4bf17bb2fe90,datasets.2wiki.pair_records
2Wiki,validationpair-020be509862d8a5a948ab3a8,mother -> place of birth,1.0937501192092896,0.6640625,0.4583855232100707,0.2339433898142198,0.6393032170887254,terminal_compatibility,reports/discovery/ouro26_terminal_fact_compatibility_v1_20260906/result.json,fa04368d6a6719f1b46335f6d89bbcb1ea4b38134a86248db25f4bf17bb2fe90,datasets.2wiki.pair_records
2Wiki,validationpair-021b33284070eb666a14a60a,mother -> country of citizenship,1.91015625,1.316406011581421,0.4583855232100707,0.2339433898142198,0.6393032170887254,terminal_compatibility,reports/discovery/ouro26_terminal_fact_compatibility_v1_20260906/result.json,fa04368d6a6719f1b46335f6d89bbcb1ea4b38134a86248db25f4bf17bb2fe90,datasets.2wiki.pair_records
2Wiki,validationpair-022bbcbacbf6944a212744a1,spouse -> country of citizenship,2.8984373807907104,1.765624761581421,0.4583855232100707,0.2339433898142198,0.6393032170887254,terminal_compatibility,reports/discovery/ouro26_terminal_fact_compatibility_v1_20260906/result.json,fa04368d6a6719f1b46335f6d89bbcb1ea4b38134a86248db25f4bf17bb2fe90,datasets.2wiki.pair_records
2Wiki,validationpair-0235e43a220092ebc7dfb112,spouse -> country of citizenship,2.5078123807907104,2.624999761581421,0.4583855232100707,0.2339433898142198,0.6393032170887254,terminal_compatibility,reports/discovery/ouro26_terminal_fact_compatibility_v1_20260906/result.json,fa04368d6a6719f1b46335f6d89bbcb1ea4b38134a86248db25f4bf17bb2fe90,datasets.2wiki.pair_records
2Wiki,validationpair-02af52ae457eb18f7c100718,mother -> place of death,1.8212599754333496,0.32772183418273926,0.4583855232100707,0.2339433898142198,0.6393032170887254,terminal_compatibility,reports/discovery/ouro26_terminal_fact_compatibility_v1_20260906/result.json,fa04368d6a6719f1b46335f6d89bbcb1ea4b38134a86248db25f4bf17bb2fe90,datasets.2wiki.pair_records
2Wiki,validationpair-030d8841c49790031264a926,director -> spouse,0.5150456428527832,0.2502427101135254,0.4583855232100707,0.2339433898142198,0.6393032170887254,terminal_compatibility,reports/discovery/ouro26_terminal_fact_compatibility_v1_20260906/result.json,fa04368d6a6719f1b46335f6d89bbcb1ea4b38134a86248db25f4bf17bb2fe90,datasets.2wiki.pair_records
2Wiki,validationpair-033b638f10bb64939d239f3e,mother -> place of death,1.074521780014038,-0.22579383850097656,0.4583855232100707,0.2339433898142198,0.6393032170887254,terminal_compatibility,reports/discovery/ouro26_terminal_fact_compatibility_v1_20260906/result.json,fa04368d6a6719f1b46335f6d89bbcb1ea4b38134a86248db25f4bf17bb2fe90,datasets.2wiki.pair_records
2Wiki,validationpair-036c677a60e01001eb347205,performer -> place of birth,1.753807783126831,-0.05724287033081055,0.4583855232100707,0.2339433898142198,0.6393032170887254,terminal_compatibility,reports/discovery/ouro26_terminal_fact_compatibility_v1_20260906/result.json,fa04368d6a6719f1b46335f6d89bbcb1ea4b38134a86248db25f4bf17bb2fe90,datasets.2wiki.pair_records
2Wiki,validationpair-0385e87b34c6526f554f0df5,mother -> country of citizenship,0.921875,-0.023437857627868652,0.4583855232100707,0.2339433898142198,0.6393032170887254,terminal_compatibility,reports/discovery/ouro26_terminal_fact_compatibility_v1_20260906/result.json,fa04368d6a6719f1b46335f6d89bbcb1ea4b38134a86248db25f4bf17bb2fe90,datasets.2wiki.pair_records
2Wiki,validationpair-038c64221e14a9b933d10d9f,director -> educated at,0.5984880924224854,-0.12519598007202148,0.4583855232100707,0.2339433898142198,0.6393032170887254,terminal_compatibility,reports/discovery/ouro26_terminal_fact_compatibility_v1_20260906/result.json,fa04368d6a6719f1b46335f6d89bbcb1ea4b38134a86248db25f4bf17bb2fe90,datasets.2wiki.pair_records
2Wiki,validationpair-039747123572017f7b02f4cd,director -> father,1.335396647453308,1.3428664207458496,0.4583855232100707,0.2339433898142198,0.6393032170887254,terminal_compatibility,reports/discovery/ouro26_terminal_fact_compatibility_v1_20260906/result.json,fa04368d6a6719f1b46335f6d89bbcb1ea4b38134a86248db25f4bf17bb2fe90,datasets.2wiki.pair_records
2Wiki,validationpair-0446f33d29a0547719f4dd5e,father -> educated at,0.35684967041015625,0.5312862396240234,0.4583855232100707,0.2339433898142198,0.6393032170887254,terminal_compatibility,reports/discovery/ouro26_terminal_fact_compatibility_v1_20260906/result.json,fa04368d6a6719f1b46335f6d89bbcb1ea4b38134a86248db25f4bf17bb2fe90,datasets.2wiki.pair_records
2Wiki,validationpair-048146cad5c2203103de94ce,director -> child,1.3683805465698242,1.4696853160858154,0.4583855232100707,0.2339433898142198,0.6393032170887254,terminal_compatibility,reports/discovery/ouro26_terminal_fact_compatibility_v1_20260906/result.json,fa04368d6a6719f1b46335f6d89bbcb1ea4b38134a86248db25f4bf17bb2fe90,datasets.2wiki.pair_records
2Wiki,validationpair-0482daa08b9117154cb688da,director -> educated at,-0.1582331657409668,0.047377824783325195,0.4583855232100707,0.2339433898142198,0.6393032170887254,terminal_compatibility,reports/discovery/ouro26_terminal_fact_compatibility_v1_20260906/result.json,fa04368d6a6719f1b46335f6d89bbcb1ea4b38134a86248db25f4bf17bb2fe90,datasets.2wiki.pair_records
2Wiki,validationpair-048ecd20c4f54a228bdd4d59,director -> award received,0.0616765022277832,0.8378113508224487,0.4583855232100707,0.2339433898142198,0.6393032170887254,terminal_compatibility,reports/discovery/ouro26_terminal_fact_compatibility_v1_20260906/result.json,fa04368d6a6719f1b46335f6d89bbcb1ea4b38134a86248db25f4bf17bb2fe90,datasets.2wiki.pair_records
2Wiki,validationpair-04a580d4742e61d6cf934c58,director -> educated at,0.38327813148498535,0.5159533023834229,0.4583855232100707,0.2339433898142198,0.6393032170887254,terminal_compatibility,reports/discovery/ouro26_terminal_fact_compatibility_v1_20260906/result.json,fa04368d6a6719f1b46335f6d89bbcb1ea4b38134a86248db25f4bf17bb2fe90,datasets.2wiki.pair_records
2Wiki,validationpair-04b23a0125a03743a6d31111,mother -> country of citizenship,1.253906488418579,0.10888683795928955,0.4583855232100707,0.2339433898142198,0.6393032170887254,terminal_compatibility,reports/discovery/ouro26_terminal_fact_compatibility_v1_20260906/result.json,fa04368d6a6719f1b46335f6d89bbcb1ea4b38134a86248db25f4bf17bb2fe90,datasets.2wiki.pair_records
2Wiki,validationpair-04b2d1114dbbb7b7ee804cf8,father -> educated at,1.2800719738006592,1.4815889596939087,0.4583855232100707,0.2339433898142198,0.6393032170887254,terminal_compatibility,reports/discovery/ouro26_terminal_fact_compatibility_v1_20260906/result.json,fa04368d6a6719f1b46335f6d89bbcb1ea4b38134a86248db25f4bf17bb2fe90,datasets.2wiki.pair_records
2Wiki,validationpair-04fc25d9ed9910c69798611a,mother -> place of birth,1.4609376192092896,0.22656285762786865,0.4583855232100707,0.2339433898142198,0.6393032170887254,terminal_compatibility,reports/discovery/ouro26_terminal_fact_compatibility_v1_20260906/result.json,fa04368d6a6719f1b46335f6d89bbcb1ea4b38134a86248db25f4bf17bb2fe90,datasets.2wiki.pair_records
2Wiki,validationpair-0507d8790364442d80d7a7b1,performer -> country of citizenship,1.8203121423721313,0.0273435115814209,0.4583855232100707,0.2339433898142198,0.6393032170887254,terminal_compatibility,reports/discovery/ouro26_terminal_fact_compatibility_v1_20260906/result.json,fa04368d6a6719f1b46335f6d89bbcb1ea4b38134a86248db25f4bf17bb2fe90,datasets.2wiki.pair_records
2Wiki,validationpair-05100efaa9e61dc0772d48b9,composer -> country of citizenship,6.0820313692092896,3.390625238418579,0.4583855232100707,0.2339433898142198,0.6393032170887254,terminal_compatibility,reports/discovery/ouro26_terminal_fact_compatibility_v1_20260906/result.json,fa04368d6a6719f1b46335f6d89bbcb1ea4b38134a86248db25f4bf17bb2fe90,datasets.2wiki.pair_records
2Wiki,validationpair-05a92cf53c95dfd0359da5a3,director -> award received,0.4402109384536743,-1.0710452795028687,0.4583855232100707,0.2339433898142198,0.6393032170887254,terminal_compatibility,reports/discovery/ouro26_terminal_fact_compatibility_v1_20260906/result.json,fa04368d6a6719f1b46335f6d89bbcb1ea4b38134a86248db25f4bf17bb2fe90,datasets.2wiki.pair_records
2Wiki,validationpair-05e4ffe7e1a147afc154f38e,director -> educated at,1.6959190368652344,1.2425754070281982,0.4583855232100707,0.2339433898142198,0.6393032170887254,terminal_compatibility,reports/discovery/ouro26_terminal_fact_compatibility_v1_20260906/result.json,fa04368d6a6719f1b46335f6d89bbcb1ea4b38134a86248db25f4bf17bb2fe90,datasets.2wiki.pair_records
2Wiki,validationpair-05fbe22992ba4565123ea503,father -> place of burial,1.5019172430038452,0.7404897212982178,0.4583855232100707,0.2339433898142198,0.6393032170887254,terminal_compatibility,reports/discovery/ouro26_terminal_fact_compatibility_v1_20260906/result.json,fa04368d6a6719f1b46335f6d89bbcb1ea4b38134a86248db25f4bf17bb2fe90,datasets.2wiki.pair_records
2Wiki,validationpair-062ee0e656b133913ec6a2ba,mother -> place of birth,0.5393650531768799,0.3511984348297119,0.4583855232100707,0.2339433898142198,0.6393032170887254,terminal_compatibility,reports/discovery/ouro26_terminal_fact_compatibility_v1_20260906/result.json,fa04368d6a6719f1b46335f6d89bbcb1ea4b38134a86248db25f4bf17bb2fe90,datasets.2wiki.pair_records
2Wiki,validationpair-06352ef1c1ce6cfcad9c2ae8,father -> educated at,2.1561782360076904,0.8749617338180542,0.4583855232100707,0.2339433898142198,0.6393032170887254,terminal_compatibility,reports/discovery/ouro26_terminal_fact_compatibility_v1_20260906/result.json,fa04368d6a6719f1b46335f6d89bbcb1ea4b38134a86248db25f4bf17bb2fe90,datasets.2wiki.pair_records
2Wiki,validationpair-063ac999808acccd36a6a8c4,mother -> place of death,0.640625,0.02343738079071045,0.4583855232100707,0.2339433898142198,0.6393032170887254,terminal_compatibility,reports/discovery/ouro26_terminal_fact_compatibility_v1_20260906/result.json,fa04368d6a6719f1b46335f6d89bbcb1ea4b38134a86248db25f4bf17bb2fe90,datasets.2wiki.pair_records
2Wiki,validationpair-06df81fe4873c43e181a8069,director -> father,0.20265281200408936,0.8086795806884766,0.4583855232100707,0.2339433898142198,0.6393032170887254,terminal_compatibility,reports/discovery/ouro26_terminal_fact_compatibility_v1_20260906/result.json,fa04368d6a6719f1b46335f6d89bbcb1ea4b38134a86248db25f4bf17bb2fe90,datasets.2wiki.pair_records
2Wiki,validationpair-071c72ead16a34482a7d5348,performer -> award received,0.6466637849807739,0.47669517993927,0.4583855232100707,0.2339433898142198,0.6393032170887254,terminal_compatibility,reports/discovery/ouro26_terminal_fact_compatibility_v1_20260906/result.json,fa04368d6a6719f1b46335f6d89bbcb1ea4b38134a86248db25f4bf17bb2fe90,datasets.2wiki.pair_records
2Wiki,validationpair-071ca1d5eb11c1641f74bafc,father -> educated at,-0.048490285873413086,1.0945643186569214,0.4583855232100707,0.2339433898142198,0.6393032170887254,terminal_compatibility,reports/discovery/ouro26_terminal_fact_compatibility_v1_20260906/result.json,fa04368d6a6719f1b46335f6d89bbcb1ea4b38134a86248db25f4bf17bb2fe90,datasets.2wiki.pair_records
2Wiki,validationpair-079bf4c56c2494b52e8f3671,father -> place of burial,0.9554475545883179,0.6719658374786377,0.4583855232100707,0.2339433898142198,0.6393032170887254,terminal_compatibility,reports/discovery/ouro26_terminal_fact_compatibility_v1_20260906/result.json,fa04368d6a6719f1b46335f6d89bbcb1ea4b38134a86248db25f4bf17bb2fe90,datasets.2wiki.pair_records
2Wiki,validationpair-0b5cf1217165c2d506d96032,director -> award received,0.9793256521224976,0.29658830165863037,0.4583855232100707,0.2339433898142198,0.6393032170887254,terminal_compatibility,reports/discovery/ouro26_terminal_fact_compatibility_v1_20260906/result.json,fa04368d6a6719f1b46335f6d89bbcb1ea4b38134a86248db25f4bf17bb2fe90,datasets.2wiki.pair_records
2Wiki,validationpair-0b8728cf773f4cbb509f99c1,mother -> country of citizenship,2.24609375,0.40624988079071045,0.4583855232100707,0.2339433898142198,0.6393032170887254,terminal_compatibility,reports/discovery/ouro26_terminal_fact_compatibility_v1_20260906/result.json,fa04368d6a6719f1b46335f6d89bbcb1ea4b38134a86248db25f4bf17bb2fe90,datasets.2wiki.pair_records
2Wiki,validationpair-0bc33710b14faf18dfff0ed3,composer -> country of citizenship,1.6796876192092896,0.03906261920928955,0.4583855232100707,0.2339433898142198,0.6393032170887254,terminal_compatibility,reports/discovery/ouro26_terminal_fact_compatibility_v1_20260906/result.json,fa04368d6a6719f1b46335f6d89bbcb1ea4b38134a86248db25f4bf17bb2fe90,datasets.2wiki.pair_records
2Wiki,validationpair-0ca578c2d68271794ce83e0d,composer -> place of birth,2.0078125,1.015624761581421,0.4583855232100707,0.2339433898142198,0.6393032170887254,terminal_compatibility,reports/discovery/ouro26_terminal_fact_compatibility_v1_20260906/result.json,fa04368d6a6719f1b46335f6d89bbcb1ea4b38134a86248db25f4bf17bb2fe90,datasets.2wiki.pair_records
2Wiki,validationpair-0d0dbd767ef3c6a216ed39ec,father -> cause of death,1.625,1.5703125,0.4583855232100707,0.2339433898142198,0.6393032170887254,terminal_compatibility,reports/discovery/ouro26_terminal_fact_compatibility_v1_20260906/result.json,fa04368d6a6719f1b46335f6d89bbcb1ea4b38134a86248db25f4bf17bb2fe90,datasets.2wiki.pair_records
2Wiki,validationpair-0e0b131a3c483909198180f8,director -> employer,-0.14699912071228027,-0.13283812999725342,0.4583855232100707,0.2339433898142198,0.6393032170887254,terminal_compatibility,reports/discovery/ouro26_terminal_fact_compatibility_v1_20260906/result.json,fa04368d6a6719f1b46335f6d89bbcb1ea4b38134a86248db25f4bf17bb2fe90,datasets.2wiki.pair_records
2Wiki,validationpair-0f847793a223ea452273194b,composer -> place of death,0.30464279651641846,0.19915318489074707,0.4583855232100707,0.2339433898142198,0.6393032170887254,terminal_compatibility,reports/discovery/ouro26_terminal_fact_compatibility_v1_20260906/result.json,fa04368d6a6719f1b46335f6d89bbcb1ea4b38134a86248db25f4bf17bb2fe90,datasets.2wiki.pair_records
2Wiki,validationpair-0fc0304ae287612aa49dcedb,performer -> country of citizenship,2.671875,1.7734373807907104,0.4583855232100707,0.2339433898142198,0.6393032170887254,terminal_compatibility,reports/discovery/ouro26_terminal_fact_compatibility_v1_20260906/result.json,fa04368d6a6719f1b46335f6d89bbcb1ea4b38134a86248db25f4bf17bb2fe90,datasets.2wiki.pair_records
2Wiki,validationpair-100c361204da086eee255207,director -> father,1.7465252876281738,2.0769139528274536,0.4583855232100707,0.2339433898142198,0.6393032170887254,terminal_compatibility,reports/discovery/ouro26_terminal_fact_compatibility_v1_20260906/result.json,fa04368d6a6719f1b46335f6d89bbcb1ea4b38134a86248db25f4bf17bb2fe90,datasets.2wiki.pair_records
2Wiki,validationpair-1032e3f94ee3095e17ebcdff,composer -> place of death,4.1093751192092896,1.2578125,0.4583855232100707,0.2339433898142198,0.6393032170887254,terminal_compatibility,reports/discovery/ouro26_terminal_fact_compatibility_v1_20260906/result.json,fa04368d6a6719f1b46335f6d89bbcb1ea4b38134a86248db25f4bf17bb2fe90,datasets.2wiki.pair_records
2Wiki,validationpair-115b80596759aec8c81812d6,composer -> place of death,1.46875,0.890625,0.4583855232100707,0.2339433898142198,0.6393032170887254,terminal_compatibility,reports/discovery/ouro26_terminal_fact_compatibility_v1_20260906/result.json,fa04368d6a6719f1b46335f6d89bbcb1ea4b38134a86248db25f4bf17bb2fe90,datasets.2wiki.pair_records
2Wiki,validationpair-1341d6d80e5c642580c874df,spouse -> place of burial,1.5770962238311768,1.2484028339385986,0.4583855232100707,0.2339433898142198,0.6393032170887254,terminal_compatibility,reports/discovery/ouro26_terminal_fact_compatibility_v1_20260906/result.json,fa04368d6a6719f1b46335f6d89bbcb1ea4b38134a86248db25f4bf17bb2fe90,datasets.2wiki.pair_records
2Wiki,validationpair-154f1e245bfb9502d73d1e20,director -> employer,1.8044617176055908,2.0201103687286377,0.4583855232100707,0.2339433898142198,0.6393032170887254,terminal_compatibility,reports/discovery/ouro26_terminal_fact_compatibility_v1_20260906/result.json,fa04368d6a6719f1b46335f6d89bbcb1ea4b38134a86248db25f4bf17bb2fe90,datasets.2wiki.pair_records
2Wiki,validationpair-16c4545b14e48fb76fff115d,spouse -> place of burial,2.3825470209121704,1.343239188194275,0.4583855232100707,0.2339433898142198,0.6393032170887254,terminal_compatibility,reports/discovery/ouro26_terminal_fact_compatibility_v1_20260906/result.json,fa04368d6a6719f1b46335f6d89bbcb1ea4b38134a86248db25f4bf17bb2fe90,datasets.2wiki.pair_records
2Wiki,validationpair-18e9faadc8c0e390900da01c,composer -> country of citizenship,1.6104305982589722,1.1604158878326416,0.4583855232100707,0.2339433898142198,0.6393032170887254,terminal_compatibility,reports/discovery/ouro26_terminal_fact_compatibility_v1_20260906/result.json,fa04368d6a6719f1b46335f6d89bbcb1ea4b38134a86248db25f4bf17bb2fe90,datasets.2wiki.pair_records
2Wiki,validationpair-1a53898daff7b767b896e119,composer -> place of birth,4.416135787963867,2.0386319160461426,0.4583855232100707,0.2339433898142198,0.6393032170887254,terminal_compatibility,reports/discovery/ouro26_terminal_fact_compatibility_v1_20260906/result.json,fa04368d6a6719f1b46335f6d89bbcb1ea4b38134a86248db25f4bf17bb2fe90,datasets.2wiki.pair_records
2Wiki,validationpair-1af8acdd97ccaa4e12b14e8d,founded by -> place of birth,1.710816502571106,0.7186932563781738,0.4583855232100707,0.2339433898142198,0.6393032170887254,terminal_compatibility,reports/discovery/ouro26_terminal_fact_compatibility_v1_20260906/result.json,fa04368d6a6719f1b46335f6d89bbcb1ea4b38134a86248db25f4bf17bb2fe90,datasets.2wiki.pair_records
2Wiki,validationpair-1c0f369ff06d4d9e10cb4cc5,spouse -> educated at,0.7187498807907104,-0.19921875,0.4583855232100707,0.2339433898142198,0.6393032170887254,terminal_compatibility,reports/discovery/ouro26_terminal_fact_compatibility_v1_20260906/result.json,fa04368d6a6719f1b46335f6d89bbcb1ea4b38134a86248db25f4bf17bb2fe90,datasets.2wiki.pair_records
2Wiki,validationpair-1c56666fe0a25e55c4fdefdc,spouse -> place of burial,4.367848873138428,2.67749559879303,0.4583855232100707,0.2339433898142198,0.6393032170887254,terminal_compatibility,reports/discovery/ouro26_terminal_fact_compatibility_v1_20260906/result.json,fa04368d6a6719f1b46335f6d89bbcb1ea4b38134a86248db25f4bf17bb2fe90,datasets.2wiki.pair_records
2Wiki,validationpair-1d8b69f5fa26189360fb1cdb,composer -> place of birth,1.375,0.8125,0.4583855232100707,0.2339433898142198,0.6393032170887254,terminal_compatibility,reports/discovery/ouro26_terminal_fact_compatibility_v1_20260906/result.json,fa04368d6a6719f1b46335f6d89bbcb1ea4b38134a86248db25f4bf17bb2fe90,datasets.2wiki.pair_records
2Wiki,validationpair-1e463d625146f682c9b4f338,composer -> place of birth,0.5923326015472412,-0.5860464572906494,0.4583855232100707,0.2339433898142198,0.6393032170887254,terminal_compatibility,reports/discovery/ouro26_terminal_fact_compatibility_v1_20260906/result.json,fa04368d6a6719f1b46335f6d89bbcb1ea4b38134a86248db25f4bf17bb2fe90,datasets.2wiki.pair_records
2Wiki,validationpair-1fc500e45d30996b4e6bca29,performer -> place of death,0.6607280969619751,0.4144173860549927,0.4583855232100707,0.2339433898142198,0.6393032170887254,terminal_compatibility,reports/discovery/ouro26_terminal_fact_compatibility_v1_20260906/result.json,fa04368d6a6719f1b46335f6d89bbcb1ea4b38134a86248db25f4bf17bb2fe90,datasets.2wiki.pair_records
2Wiki,validationpair-1fd51acd9f3777d5dea3c238,director -> father,1.0551822185516357,0.2663259506225586,0.4583855232100707,0.2339433898142198,0.6393032170887254,terminal_compatibility,reports/discovery/ouro26_terminal_fact_compatibility_v1_20260906/result.json,fa04368d6a6719f1b46335f6d89bbcb1ea4b38134a86248db25f4bf17bb2fe90,datasets.2wiki.pair_records
2Wiki,validationpair-211792c8091200c2235c74d3,spouse -> educated at,0.19478845596313477,2.37069034576416,0.4583855232100707,0.2339433898142198,0.6393032170887254,terminal_compatibility,reports/discovery/ouro26_terminal_fact_compatibility_v1_20260906/result.json,fa04368d6a6719f1b46335f6d89bbcb1ea4b38134a86248db25f4bf17bb2fe90,datasets.2wiki.pair_records
2Wiki,validationpair-22264a689abe13454578154f,spouse -> place of burial,0.9642586708068848,0.5780308246612549,0.4583855232100707,0.2339433898142198,0.6393032170887254,terminal_compatibility,reports/discovery/ouro26_terminal_fact_compatibility_v1_20260906/result.json,fa04368d6a6719f1b46335f6d89bbcb1ea4b38134a86248db25f4bf17bb2fe90,datasets.2wiki.pair_records
2Wiki,validationpair-245578bf2f7bab946b2d2d36,founded by -> place of birth,1.4765626192092896,0.6875003576278687,0.4583855232100707,0.2339433898142198,0.6393032170887254,terminal_compatibility,reports/discovery/ouro26_terminal_fact_compatibility_v1_20260906/result.json,fa04368d6a6719f1b46335f6d89bbcb1ea4b38134a86248db25f4bf17bb2fe90,datasets.2wiki.pair_records
2Wiki,validationpair-25ce59649b48e5f7200e65bb,performer -> place of death,1.5234375,0.32031238079071045,0.4583855232100707,0.2339433898142198,0.6393032170887254,terminal_compatibility,reports/discovery/ouro26_terminal_fact_compatibility_v1_20260906/result.json,fa04368d6a6719f1b46335f6d89bbcb1ea4b38134a86248db25f4bf17bb2fe90,datasets.2wiki.pair_records
2Wiki,validationpair-28915a75c4c747af0e39db88,performer -> award received,1.4425221681594849,0.8294647932052612,0.4583855232100707,0.2339433898142198,0.6393032170887254,terminal_compatibility,reports/discovery/ouro26_terminal_fact_compatibility_v1_20260906/result.json,fa04368d6a6719f1b46335f6d89bbcb1ea4b38134a86248db25f4bf17bb2fe90,datasets.2wiki.pair_records
2Wiki,validationpair-295a0442e5aaaef0591d1977,spouse -> educated at,0.21085679531097412,1.5007416009902954,0.4583855232100707,0.2339433898142198,0.6393032170887254,terminal_compatibility,reports/discovery/ouro26_terminal_fact_compatibility_v1_20260906/result.json,fa04368d6a6719f1b46335f6d89bbcb1ea4b38134a86248db25f4bf17bb2fe90,datasets.2wiki.pair_records
2Wiki,validationpair-2a62a9956f0bcca7cf715078,spouse -> educated at,0.5054301023483276,0.1105109453201294,0.4583855232100707,0.2339433898142198,0.6393032170887254,terminal_compatibility,reports/discovery/ouro26_terminal_fact_compatibility_v1_20260906/result.json,fa04368d6a6719f1b46335f6d89bbcb1ea4b38134a86248db25f4bf17bb2fe90,datasets.2wiki.pair_records
2Wiki,validationpair-305f326b134b8fef4b4cd5de,founded by -> place of birth,2.5859375,0.2968752384185791,0.4583855232100707,0.2339433898142198,0.6393032170887254,terminal_compatibility,reports/discovery/ouro26_terminal_fact_compatibility_v1_20260906/result.json,fa04368d6a6719f1b46335f6d89bbcb1ea4b38134a86248db25f4bf17bb2fe90,datasets.2wiki.pair_records
2Wiki,validationpair-351a49268a19bfdafec2c36e,founded by -> place of birth,0.9531251192092896,-0.1015625,0.4583855232100707,0.2339433898142198,0.6393032170887254,terminal_compatibility,reports/discovery/ouro26_terminal_fact_compatibility_v1_20260906/result.json,fa04368d6a6719f1b46335f6d89bbcb1ea4b38134a86248db25f4bf17bb2fe90,datasets.2wiki.pair_records
2Wiki,validationpair-3a7b3d37b8d13364af6b3aa3,father -> cause of death,0.125,0.1562497615814209,0.4583855232100707,0.2339433898142198,0.6393032170887254,terminal_compatibility,reports/discovery/ouro26_terminal_fact_compatibility_v1_20260906/result.json,fa04368d6a6719f1b46335f6d89bbcb1ea4b38134a86248db25f4bf17bb2fe90,datasets.2wiki.pair_records
2Wiki,validationpair-3d98072e3628fa41de05b0d4,director -> employer,1.0056325197219849,0.015966415405273438,0.4583855232100707,0.2339433898142198,0.6393032170887254,terminal_compatibility,reports/discovery/ouro26_terminal_fact_compatibility_v1_20260906/result.json,fa04368d6a6719f1b46335f6d89bbcb1ea4b38134a86248db25f4bf17bb2fe90,datasets.2wiki.pair_records
2Wiki,validationpair-411410836a51d62a2c8a95d0,performer -> award received,0.9218727350234985,0.6083842515945435,0.4583855232100707,0.2339433898142198,0.6393032170887254,terminal_compatibility,reports/discovery/ouro26_terminal_fact_compatibility_v1_20260906/result.json,fa04368d6a6719f1b46335f6d89bbcb1ea4b38134a86248db25f4bf17bb2fe90,datasets.2wiki.pair_records
2Wiki,validationpair-52ed5fa9f5eefe106a35f13e,director -> employer,0.735735297203064,1.5633448362350464,0.4583855232100707,0.2339433898142198,0.6393032170887254,terminal_compatibility,reports/discovery/ouro26_terminal_fact_compatibility_v1_20260906/result.json,fa04368d6a6719f1b46335f6d89bbcb1ea4b38134a86248db25f4bf17bb2fe90,datasets.2wiki.pair_records
2Wiki,validationpair-81533af25e90bdca8e99c084,director -> child,1.323561191558838,0.7724840641021729,0.4583855232100707,0.2339433898142198,0.6393032170887254,terminal_compatibility,reports/discovery/ouro26_terminal_fact_compatibility_v1_20260906/result.json,fa04368d6a6719f1b46335f6d89bbcb1ea4b38134a86248db25f4bf17bb2fe90,datasets.2wiki.pair_records
2Wiki,validationpair-aedc941b93663e16c4409764,director -> child,1.0289762020111084,1.0196418762207031,0.4583855232100707,0.2339433898142198,0.6393032170887254,terminal_compatibility,reports/discovery/ouro26_terminal_fact_compatibility_v1_20260906/result.json,fa04368d6a6719f1b46335f6d89bbcb1ea4b38134a86248db25f4bf17bb2fe90,datasets.2wiki.pair_records
2Wiki,validationpair-bb16869c0b84de1bcc8b55e4,father -> cause of death,2.0450563430786133,0.7889788150787354,0.4583855232100707,0.2339433898142198,0.6393032170887254,terminal_compatibility,reports/discovery/ouro26_terminal_fact_compatibility_v1_20260906/result.json,fa04368d6a6719f1b46335f6d89bbcb1ea4b38134a86248db25f4bf17bb2fe90,datasets.2wiki.pair_records
2Wiki,validationpair-ca8183d1ab1df60841783d1a,performer -> award received,2.8424417972564697,0.46850812435150146,0.4583855232100707,0.2339433898142198,0.6393032170887254,terminal_compatibility,reports/discovery/ouro26_terminal_fact_compatibility_v1_20260906/result.json,fa04368d6a6719f1b46335f6d89bbcb1ea4b38134a86248db25f4bf17bb2fe90,datasets.2wiki.pair_records
2Wiki,validationpair-e96bc08347018396f77af2ed,father -> cause of death,1.8203125,0.5390626192092896,0.4583855232100707,0.2339433898142198,0.6393032170887254,terminal_compatibility,reports/discovery/ouro26_terminal_fact_compatibility_v1_20260906/result.json,fa04368d6a6719f1b46335f6d89bbcb1ea4b38134a86248db25f4bf17bb2fe90,datasets.2wiki.pair_records
2Wiki,validationpair-f872abc374a47f69c0cc5f5c,director -> child,2.077414035797119,0.928917407989502,0.4583855232100707,0.2339433898142198,0.6393032170887254,terminal_compatibility,reports/discovery/ouro26_terminal_fact_compatibility_v1_20260906/result.json,fa04368d6a6719f1b46335f6d89bbcb1ea4b38134a86248db25f4bf17bb2fe90,datasets.2wiki.pair_records
MuSiQue,musiquepair-00f27207f0e78d94be612437,located in or next to body of water,0.8766801357269287,1.4298670291900635,0.5480403135498321,0.3827564385627945,0.6801642664559184,terminal_compatibility,reports/discovery/ouro26_terminal_fact_compatibility_v1_20260906/result.json,fa04368d6a6719f1b46335f6d89bbcb1ea4b38134a86248db25f4bf17bb2fe90,datasets.musique.pair_records
MuSiQue,musiquepair-014c701139472c309e487c79,record label,0.4891512393951416,0.3688298463821411,0.5480403135498321,0.3827564385627945,0.6801642664559184,terminal_compatibility,reports/discovery/ouro26_terminal_fact_compatibility_v1_20260906/result.json,fa04368d6a6719f1b46335f6d89bbcb1ea4b38134a86248db25f4bf17bb2fe90,datasets.musique.pair_records
MuSiQue,musiquepair-0250f8fb950d2ee57743e1f5,contains administrative territorial entity,0.03137385845184326,-0.05821704864501953,0.5480403135498321,0.3827564385627945,0.6801642664559184,terminal_compatibility,reports/discovery/ouro26_terminal_fact_compatibility_v1_20260906/result.json,fa04368d6a6719f1b46335f6d89bbcb1ea4b38134a86248db25f4bf17bb2fe90,datasets.musique.pair_records
MuSiQue,musiquepair-068d52f57b80e17f2aac37aa,spouse,2.832495331764221,0.4378316402435303,0.5480403135498321,0.3827564385627945,0.6801642664559184,terminal_compatibility,reports/discovery/ouro26_terminal_fact_compatibility_v1_20260906/result.json,fa04368d6a6719f1b46335f6d89bbcb1ea4b38134a86248db25f4bf17bb2fe90,datasets.musique.pair_records
MuSiQue,musiquepair-06ef5a40033025eff356be9a,capital of,-0.03203630447387695,-0.3312561511993408,0.5480403135498321,0.3827564385627945,0.6801642664559184,terminal_compatibility,reports/discovery/ouro26_terminal_fact_compatibility_v1_20260906/result.json,fa04368d6a6719f1b46335f6d89bbcb1ea4b38134a86248db25f4bf17bb2fe90,datasets.musique.pair_records
MuSiQue,musiquepair-09baf1d4e9e07e9ceabc2ef4,shares border with,0.2971036434173584,0.015063762664794922,0.5480403135498321,0.3827564385627945,0.6801642664559184,terminal_compatibility,reports/discovery/ouro26_terminal_fact_compatibility_v1_20260906/result.json,fa04368d6a6719f1b46335f6d89bbcb1ea4b38134a86248db25f4bf17bb2fe90,datasets.musique.pair_records
MuSiQue,musiquepair-0eb16c53553feba7237344bb,located in the administrative territorial entity,0.6405539512634277,1.3522570133209229,0.5480403135498321,0.3827564385627945,0.6801642664559184,terminal_compatibility,reports/discovery/ouro26_terminal_fact_compatibility_v1_20260906/result.json,fa04368d6a6719f1b46335f6d89bbcb1ea4b38134a86248db25f4bf17bb2fe90,datasets.musique.pair_records
MuSiQue,musiquepair-102decf67dc5a69f941655bd,child,0.5052362680435181,0.12432670593261719,0.5480403135498321,0.3827564385627945,0.6801642664559184,terminal_compatibility,reports/discovery/ouro26_terminal_fact_compatibility_v1_20260906/result.json,fa04368d6a6719f1b46335f6d89bbcb1ea4b38134a86248db25f4bf17bb2fe90,datasets.musique.pair_records
MuSiQue,musiquepair-16a7227ae9d402038c8279dd,capital of,1.5839866399765015,3.653136134147644,0.5480403135498321,0.3827564385627945,0.6801642664559184,terminal_compatibility,reports/discovery/ouro26_terminal_fact_compatibility_v1_20260906/result.json,fa04368d6a6719f1b46335f6d89bbcb1ea4b38134a86248db25f4bf17bb2fe90,datasets.musique.pair_records
MuSiQue,musiquepair-198d0cb5110922c2c75251e3,capital,2.695741295814514,3.5845232009887695,0.5480403135498321,0.3827564385627945,0.6801642664559184,terminal_compatibility,reports/discovery/ouro26_terminal_fact_compatibility_v1_20260906/result.json,fa04368d6a6719f1b46335f6d89bbcb1ea4b38134a86248db25f4bf17bb2fe90,datasets.musique.pair_records
MuSiQue,musiquepair-1cfd11c199a9b493918012ea,instance of,1.9387894868850708,3.178006172180176,0.5480403135498321,0.3827564385627945,0.6801642664559184,terminal_compatibility,reports/discovery/ouro26_terminal_fact_compatibility_v1_20260906/result.json,fa04368d6a6719f1b46335f6d89bbcb1ea4b38134a86248db25f4bf17bb2fe90,datasets.musique.pair_records
MuSiQue,musiquepair-204b27059d288b73bc38159f,employer,0.5010558366775513,-0.1803666353225708,0.5480403135498321,0.3827564385627945,0.6801642664559184,terminal_compatibility,reports/discovery/ouro26_terminal_fact_compatibility_v1_20260906/result.json,fa04368d6a6719f1b46335f6d89bbcb1ea4b38134a86248db25f4bf17bb2fe90,datasets.musique.pair_records
MuSiQue,musiquepair-2104087454f284187f8f5648,headquarters location,2.1640625,0.53125,0.5480403135498321,0.3827564385627945,0.6801642664559184,terminal_compatibility,reports/discovery/ouro26_terminal_fact_compatibility_v1_20260906/result.json,fa04368d6a6719f1b46335f6d89bbcb1ea4b38134a86248db25f4bf17bb2fe90,datasets.musique.pair_records
MuSiQue,musiquepair-2287863b5cc7be012efd9735,shares border with,1.215517282485962,0.6526268720626831,0.5480403135498321,0.3827564385627945,0.6801642664559184,terminal_compatibility,reports/discovery/ouro26_terminal_fact_compatibility_v1_20260906/result.json,fa04368d6a6719f1b46335f6d89bbcb1ea4b38134a86248db25f4bf17bb2fe90,datasets.musique.pair_records
MuSiQue,musiquepair-27d00777b202530543e05b72,league,1.891547441482544,3.99434494972229,0.5480403135498321,0.3827564385627945,0.6801642664559184,terminal_compatibility,reports/discovery/ouro26_terminal_fact_compatibility_v1_20260906/result.json,fa04368d6a6719f1b46335f6d89bbcb1ea4b38134a86248db25f4bf17bb2fe90,datasets.musique.pair_records
MuSiQue,musiquepair-29d33eb26b907a92115eff99,located in the administrative territorial entity,0.9934111833572388,3.397605299949646,0.5480403135498321,0.3827564385627945,0.6801642664559184,terminal_compatibility,reports/discovery/ouro26_terminal_fact_compatibility_v1_20260906/result.json,fa04368d6a6719f1b46335f6d89bbcb1ea4b38134a86248db25f4bf17bb2fe90,datasets.musique.pair_records
MuSiQue,musiquepair-2fcbb0c5c8f0c5ab43003e67,founded by,0.918959379196167,1.5183041095733643,0.5480403135498321,0.3827564385627945,0.6801642664559184,terminal_compatibility,reports/discovery/ouro26_terminal_fact_compatibility_v1_20260906/result.json,fa04368d6a6719f1b46335f6d89bbcb1ea4b38134a86248db25f4bf17bb2fe90,datasets.musique.pair_records
MuSiQue,musiquepair-3264f3297f9a7d6f38bc62d0,child,1.2376937866210938,0.24023771286010742,0.5480403135498321,0.3827564385627945,0.6801642664559184,terminal_compatibility,reports/discovery/ouro26_terminal_fact_compatibility_v1_20260906/result.json,fa04368d6a6719f1b46335f6d89bbcb1ea4b38134a86248db25f4bf17bb2fe90,datasets.musique.pair_records
MuSiQue,musiquepair-332453aa8980cab7a7249f42,shares border with,1.2250242233276367,1.156988501548767,0.5480403135498321,0.3827564385627945,0.6801642664559184,terminal_compatibility,reports/discovery/ouro26_terminal_fact_compatibility_v1_20260906/result.json,fa04368d6a6719f1b46335f6d89bbcb1ea4b38134a86248db25f4bf17bb2fe90,datasets.musique.pair_records
MuSiQue,musiquepair-3329bc76e560bd591b6146c6,spouse,0.5149706602096558,0.5174493789672852,0.5480403135498321,0.3827564385627945,0.6801642664559184,terminal_compatibility,reports/discovery/ouro26_terminal_fact_compatibility_v1_20260906/result.json,fa04368d6a6719f1b46335f6d89bbcb1ea4b38134a86248db25f4bf17bb2fe90,datasets.musique.pair_records
MuSiQue,musiquepair-3a446f734e759a80c936ff4c,place of birth,6.1591796875,1.0410157442092896,0.5480403135498321,0.3827564385627945,0.6801642664559184,terminal_compatibility,reports/discovery/ouro26_terminal_fact_compatibility_v1_20260906/result.json,fa04368d6a6719f1b46335f6d89bbcb1ea4b38134a86248db25f4bf17bb2fe90,datasets.musique.pair_records
MuSiQue,musiquepair-3a78875386c6055c9b13ca32,location of formation,2.2810028791427612,3.850812315940857,0.5480403135498321,0.3827564385627945,0.6801642664559184,terminal_compatibility,reports/discovery/ouro26_terminal_fact_compatibility_v1_20260906/result.json,fa04368d6a6719f1b46335f6d89bbcb1ea4b38134a86248db25f4bf17bb2fe90,datasets.musique.pair_records
MuSiQue,musiquepair-3a8fc4b64fa53903096b1bcb,shares border with,0.6488701105117798,0.4067955017089844,0.5480403135498321,0.3827564385627945,0.6801642664559184,terminal_compatibility,reports/discovery/ouro26_terminal_fact_compatibility_v1_20260906/result.json,fa04368d6a6719f1b46335f6d89bbcb1ea4b38134a86248db25f4bf17bb2fe90,datasets.musique.pair_records
MuSiQue,musiquepair-3d1d0e17f1d4006541ba8a93,located in the administrative territorial entity,2.852574348449707,2.474368095397949,0.5480403135498321,0.3827564385627945,0.6801642664559184,terminal_compatibility,reports/discovery/ouro26_terminal_fact_compatibility_v1_20260906/result.json,fa04368d6a6719f1b46335f6d89bbcb1ea4b38134a86248db25f4bf17bb2fe90,datasets.musique.pair_records
MuSiQue,musiquepair-3e7c2f480a44b9225a746833,child,1.5552656650543213,0.5985660552978516,0.5480403135498321,0.3827564385627945,0.6801642664559184,terminal_compatibility,reports/discovery/ouro26_terminal_fact_compatibility_v1_20260906/result.json,fa04368d6a6719f1b46335f6d89bbcb1ea4b38134a86248db25f4bf17bb2fe90,datasets.musique.pair_records
MuSiQue,musiquepair-40191e45a420046d67d63354,notable work,1.3137537240982056,0.30350494384765625,0.5480403135498321,0.3827564385627945,0.6801642664559184,terminal_compatibility,reports/discovery/ouro26_terminal_fact_compatibility_v1_20260906/result.json,fa04368d6a6719f1b46335f6d89bbcb1ea4b38134a86248db25f4bf17bb2fe90,datasets.musique.pair_records
MuSiQue,musiquepair-42dba61fd259deae4a47a2b5,place of birth,0.6117968559265137,0.8364115953445435,0.5480403135498321,0.3827564385627945,0.6801642664559184,terminal_compatibility,reports/discovery/ouro26_terminal_fact_compatibility_v1_20260906/result.json,fa04368d6a6719f1b46335f6d89bbcb1ea4b38134a86248db25f4bf17bb2fe90,datasets.musique.pair_records
MuSiQue,musiquepair-44cb08c527dc2be5c5614bb0,located in the administrative territorial entity,5.777385473251343,1.7376447916030884,0.5480403135498321,0.3827564385627945,0.6801642664559184,terminal_compatibility,reports/discovery/ouro26_terminal_fact_compatibility_v1_20260906/result.json,fa04368d6a6719f1b46335f6d89bbcb1ea4b38134a86248db25f4bf17bb2fe90,datasets.musique.pair_records
MuSiQue,musiquepair-474bd8074ccf191d4f307abb,spouse,1.7613533735275269,0.08609879016876221,0.5480403135498321,0.3827564385627945,0.6801642664559184,terminal_compatibility,reports/discovery/ouro26_terminal_fact_compatibility_v1_20260906/result.json,fa04368d6a6719f1b46335f6d89bbcb1ea4b38134a86248db25f4bf17bb2fe90,datasets.musique.pair_records
MuSiQue,musiquepair-4ca6abc1cfe4ed04a4da535d,capital,1.7968751192092896,0.7226564884185791,0.5480403135498321,0.3827564385627945,0.6801642664559184,terminal_compatibility,reports/discovery/ouro26_terminal_fact_compatibility_v1_20260906/result.json,fa04368d6a6719f1b46335f6d89bbcb1ea4b38134a86248db25f4bf17bb2fe90,datasets.musique.pair_records
MuSiQue,musiquepair-4e9ab9b18f33dcfdc63b7f82,place of birth,3.0440053939819336,1.4130539894104004,0.5480403135498321,0.3827564385627945,0.6801642664559184,terminal_compatibility,reports/discovery/ouro26_terminal_fact_compatibility_v1_20260906/result.json,fa04368d6a6719f1b46335f6d89bbcb1ea4b38134a86248db25f4bf17bb2fe90,datasets.musique.pair_records
MuSiQue,musiquepair-528275a0c223acc8a28462a2,award received,1.8835608959197998,0.2782127857208252,0.5480403135498321,0.3827564385627945,0.6801642664559184,terminal_compatibility,reports/discovery/ouro26_terminal_fact_compatibility_v1_20260906/result.json,fa04368d6a6719f1b46335f6d89bbcb1ea4b38134a86248db25f4bf17bb2fe90,datasets.musique.pair_records
MuSiQue,musiquepair-535234c1175e7c3d1226405a,place of birth,0.6015625,0.6171875,0.5480403135498321,0.3827564385627945,0.6801642664559184,terminal_compatibility,reports/discovery/ouro26_terminal_fact_compatibility_v1_20260906/result.json,fa04368d6a6719f1b46335f6d89bbcb1ea4b38134a86248db25f4bf17bb2fe90,datasets.musique.pair_records
MuSiQue,musiquepair-54432c1be198e77da332edac,child,0.8397374153137207,0.8355511426925659,0.5480403135498321,0.3827564385627945,0.6801642664559184,terminal_compatibility,reports/discovery/ouro26_terminal_fact_compatibility_v1_20260906/result.json,fa04368d6a6719f1b46335f6d89bbcb1ea4b38134a86248db25f4bf17bb2fe90,datasets.musique.pair_records
MuSiQue,musiquepair-56c1d7898408c30ba79c87a1,child,1.5545324087142944,0.5976375341415405,0.5480403135498321,0.3827564385627945,0.6801642664559184,terminal_compatibility,reports/discovery/ouro26_terminal_fact_compatibility_v1_20260906/result.json,fa04368d6a6719f1b46335f6d89bbcb1ea4b38134a86248db25f4bf17bb2fe90,datasets.musique.pair_records
MuSiQue,musiquepair-5d1c9da77e2f127254eb2494,place of birth,0.32002806663513184,0.17764651775360107,0.5480403135498321,0.3827564385627945,0.6801642664559184,terminal_compatibility,reports/discovery/ouro26_terminal_fact_compatibility_v1_20260906/result.json,fa04368d6a6719f1b46335f6d89bbcb1ea4b38134a86248db25f4bf17bb2fe90,datasets.musique.pair_records
MuSiQue,musiquepair-5f15ad46a77cadbad56871e9,child,0.4157881736755371,0.16826510429382324,0.5480403135498321,0.3827564385627945,0.6801642664559184,terminal_compatibility,reports/discovery/ouro26_terminal_fact_compatibility_v1_20260906/result.json,fa04368d6a6719f1b46335f6d89bbcb1ea4b38134a86248db25f4bf17bb2fe90,datasets.musique.pair_records
MuSiQue,musiquepair-60f6d81f0a4180bb7c980725,located in the administrative territorial entity,1.3958758115768433,1.5007461309432983,0.5480403135498321,0.3827564385627945,0.6801642664559184,terminal_compatibility,reports/discovery/ouro26_terminal_fact_compatibility_v1_20260906/result.json,fa04368d6a6719f1b46335f6d89bbcb1ea4b38134a86248db25f4bf17bb2fe90,datasets.musique.pair_records
MuSiQue,musiquepair-62b48a5db61800aef6c28de0,father,2.8216522336006165,0.5400844812393188,0.5480403135498321,0.3827564385627945,0.6801642664559184,terminal_compatibility,reports/discovery/ouro26_terminal_fact_compatibility_v1_20260906/result.json,fa04368d6a6719f1b46335f6d89bbcb1ea4b38134a86248db25f4bf17bb2fe90,datasets.musique.pair_records
MuSiQue,musiquepair-69473d29fc5d7dcdfb883174,located in the administrative territorial entity,0.7306652069091797,-1.3822764158248901,0.5480403135498321,0.3827564385627945,0.6801642664559184,terminal_compatibility,reports/discovery/ouro26_terminal_fact_compatibility_v1_20260906/result.json,fa04368d6a6719f1b46335f6d89bbcb1ea4b38134a86248db25f4bf17bb2fe90,datasets.musique.pair_records
MuSiQue,musiquepair-6c9f09594b39ff8737d8c3e9,shares border with,1.336815357208252,1.6248801946640015,0.5480403135498321,0.3827564385627945,0.6801642664559184,terminal_compatibility,reports/discovery/ouro26_terminal_fact_compatibility_v1_20260906/result.json,fa04368d6a6719f1b46335f6d89bbcb1ea4b38134a86248db25f4bf17bb2fe90,datasets.musique.pair_records
MuSiQue,musiquepair-7217e485be8911b6b5e56b74,child,2.1727123260498047,0.2568931579589844,0.5480403135498321,0.3827564385627945,0.6801642664559184,terminal_compatibility,reports/discovery/ouro26_terminal_fact_compatibility_v1_20260906/result.json,fa04368d6a6719f1b46335f6d89bbcb1ea4b38134a86248db25f4bf17bb2fe90,datasets.musique.pair_records
MuSiQue,musiquepair-739dda0b8a23426dbdc1b394,shares border with,-0.56396484375,-0.49983954429626465,0.5480403135498321,0.3827564385627945,0.6801642664559184,terminal_compatibility,reports/discovery/ouro26_terminal_fact_compatibility_v1_20260906/result.json,fa04368d6a6719f1b46335f6d89bbcb1ea4b38134a86248db25f4bf17bb2fe90,datasets.musique.pair_records
MuSiQue,musiquepair-754946b7012ad5e220dc3679,spouse,0.47919154167175293,1.482921838760376,0.5480403135498321,0.3827564385627945,0.6801642664559184,terminal_compatibility,reports/discovery/ouro26_terminal_fact_compatibility_v1_20260906/result.json,fa04368d6a6719f1b46335f6d89bbcb1ea4b38134a86248db25f4bf17bb2fe90,datasets.musique.pair_records
MuSiQue,musiquepair-7ad7d1fd1de25f0e64f99384,educated at,0.9698266983032227,-0.1363433599472046,0.5480403135498321,0.3827564385627945,0.6801642664559184,terminal_compatibility,reports/discovery/ouro26_terminal_fact_compatibility_v1_20260906/result.json,fa04368d6a6719f1b46335f6d89bbcb1ea4b38134a86248db25f4bf17bb2fe90,datasets.musique.pair_records
MuSiQue,musiquepair-7b0e7158c8dc242659cf8c67,sibling,2.585258960723877,0.6869145631790161,0.5480403135498321,0.3827564385627945,0.6801642664559184,terminal_compatibility,reports/discovery/ouro26_terminal_fact_compatibility_v1_20260906/result.json,fa04368d6a6719f1b46335f6d89bbcb1ea4b38134a86248db25f4bf17bb2fe90,datasets.musique.pair_records
MuSiQue,musiquepair-7cf63e36c5dfacdd69469fe0,place of birth,1.1070303916931152,1.1044739484786987,0.5480403135498321,0.3827564385627945,0.6801642664559184,terminal_compatibility,reports/discovery/ouro26_terminal_fact_compatibility_v1_20260906/result.json,fa04368d6a6719f1b46335f6d89bbcb1ea4b38134a86248db25f4bf17bb2fe90,datasets.musique.pair_records
MuSiQue,musiquepair-7dc30cb045e744ab783308ec,mother,0.4721461534500122,1.0001932382583618,0.5480403135498321,0.3827564385627945,0.6801642664559184,terminal_compatibility,reports/discovery/ouro26_terminal_fact_compatibility_v1_20260906/result.json,fa04368d6a6719f1b46335f6d89bbcb1ea4b38134a86248db25f4bf17bb2fe90,datasets.musique.pair_records
MuSiQue,musiquepair-7e0860fdfff874c819a39039,record label,0.08711540699005127,0.1496269702911377,0.5480403135498321,0.3827564385627945,0.6801642664559184,terminal_compatibility,reports/discovery/ouro26_terminal_fact_compatibility_v1_20260906/result.json,fa04368d6a6719f1b46335f6d89bbcb1ea4b38134a86248db25f4bf17bb2fe90,datasets.musique.pair_records
MuSiQue,musiquepair-7e275e25ea7bab67faad76c8,capital,-0.008059024810791016,1.0230379104614258,0.5480403135498321,0.3827564385627945,0.6801642664559184,terminal_compatibility,reports/discovery/ouro26_terminal_fact_compatibility_v1_20260906/result.json,fa04368d6a6719f1b46335f6d89bbcb1ea4b38134a86248db25f4bf17bb2fe90,datasets.musique.pair_records
MuSiQue,musiquepair-8161eba917c1c0b796bc4416,country of citizenship,1.359375,0.734375,0.5480403135498321,0.3827564385627945,0.6801642664559184,terminal_compatibility,reports/discovery/ouro26_terminal_fact_compatibility_v1_20260906/result.json,fa04368d6a6719f1b46335f6d89bbcb1ea4b38134a86248db25f4bf17bb2fe90,datasets.musique.pair_records
MuSiQue,musiquepair-8f0e72bf1a1ec22782a4cbbc,child,2.2386815547943115,2.733679175376892,0.5480403135498321,0.3827564385627945,0.6801642664559184,terminal_compatibility,reports/discovery/ouro26_terminal_fact_compatibility_v1_20260906/result.json,fa04368d6a6719f1b46335f6d89bbcb1ea4b38134a86248db25f4bf17bb2fe90,datasets.musique.pair_records
MuSiQue,musiquepair-93b364570921e8480e25a538,mouth of the watercourse,0.7027721405029297,-1.407104253768921,0.5480403135498321,0.3827564385627945,0.6801642664559184,terminal_compatibility,reports/discovery/ouro26_terminal_fact_compatibility_v1_20260906/result.json,fa04368d6a6719f1b46335f6d89bbcb1ea4b38134a86248db25f4bf17bb2fe90,datasets.musique.pair_records
MuSiQue,musiquepair-9605001aa036c0249c532014,located in the administrative territorial entity,0.06309354305267334,0.5153703689575195,0.5480403135498321,0.3827564385627945,0.6801642664559184,terminal_compatibility,reports/discovery/ouro26_terminal_fact_compatibility_v1_20260906/result.json,fa04368d6a6719f1b46335f6d89bbcb1ea4b38134a86248db25f4bf17bb2fe90,datasets.musique.pair_records
MuSiQue,musiquepair-9bd12159eb66204802c9dcb2,country,0.9140623807907104,1.1249998807907104,0.5480403135498321,0.3827564385627945,0.6801642664559184,terminal_compatibility,reports/discovery/ouro26_terminal_fact_compatibility_v1_20260906/result.json,fa04368d6a6719f1b46335f6d89bbcb1ea4b38134a86248db25f4bf17bb2fe90,datasets.musique.pair_records
MuSiQue,musiquepair-9bf2588d4140bc6f21a131c0,located in the administrative territorial entity,2.90997052192688,1.9571455717086792,0.5480403135498321,0.3827564385627945,0.6801642664559184,terminal_compatibility,reports/discovery/ouro26_terminal_fact_compatibility_v1_20260906/result.json,fa04368d6a6719f1b46335f6d89bbcb1ea4b38134a86248db25f4bf17bb2fe90,datasets.musique.pair_records
MuSiQue,musiquepair-a062fdc5a4f87745e745d7da,father,1.2304927110671997,1.6441969871520996,0.5480403135498321,0.3827564385627945,0.6801642664559184,terminal_compatibility,reports/discovery/ouro26_terminal_fact_compatibility_v1_20260906/result.json,fa04368d6a6719f1b46335f6d89bbcb1ea4b38134a86248db25f4bf17bb2fe90,datasets.musique.pair_records
MuSiQue,musiquepair-a326144a3fb43c5f690c1b63,sibling,1.6268402338027954,1.898987054824829,0.5480403135498321,0.3827564385627945,0.6801642664559184,terminal_compatibility,reports/discovery/ouro26_terminal_fact_compatibility_v1_20260906/result.json,fa04368d6a6719f1b46335f6d89bbcb1ea4b38134a86248db25f4bf17bb2fe90,datasets.musique.pair_records
MuSiQue,musiquepair-a637aab86892a598f6c3fa9c,capital,0.07987070083618164,0.0020265579223632812,0.5480403135498321,0.3827564385627945,0.6801642664559184,terminal_compatibility,reports/discovery/ouro26_terminal_fact_compatibility_v1_20260906/result.json,fa04368d6a6719f1b46335f6d89bbcb1ea4b38134a86248db25f4bf17bb2fe90,datasets.musique.pair_records
MuSiQue,musiquepair-a66c70d428167751d9df9f47,movement,1.594923973083496,3.158106207847595,0.5480403135498321,0.3827564385627945,0.6801642664559184,terminal_compatibility,reports/discovery/ouro26_terminal_fact_compatibility_v1_20260906/result.json,fa04368d6a6719f1b46335f6d89bbcb1ea4b38134a86248db25f4bf17bb2fe90,datasets.musique.pair_records
MuSiQue,musiquepair-a9485818e6dd5b2a01261b63,record label,1.401977777481079,2.2819736003875732,0.5480403135498321,0.3827564385627945,0.6801642664559184,terminal_compatibility,reports/discovery/ouro26_terminal_fact_compatibility_v1_20260906/result.json,fa04368d6a6719f1b46335f6d89bbcb1ea4b38134a86248db25f4bf17bb2fe90,datasets.musique.pair_records
MuSiQue,musiquepair-ac74dc43a5b59d63e784f946,shares border with,0.7708619832992554,0.9826058149337769,0.5480403135498321,0.3827564385627945,0.6801642664559184,terminal_compatibility,reports/discovery/ouro26_terminal_fact_compatibility_v1_20260906/result.json,fa04368d6a6719f1b46335f6d89bbcb1ea4b38134a86248db25f4bf17bb2fe90,datasets.musique.pair_records
MuSiQue,musiquepair-ad5f8ae0f2c7270345e2e27a,located in the administrative territorial entity,0.881725549697876,0.4805874824523926,0.5480403135498321,0.3827564385627945,0.6801642664559184,terminal_compatibility,reports/discovery/ouro26_terminal_fact_compatibility_v1_20260906/result.json,fa04368d6a6719f1b46335f6d89bbcb1ea4b38134a86248db25f4bf17bb2fe90,datasets.musique.pair_records
MuSiQue,musiquepair-b01a5d995fe91bc09fa4d90b,headquarters location,3.2721166610717773,2.018523931503296,0.5480403135498321,0.3827564385627945,0.6801642664559184,terminal_compatibility,reports/discovery/ouro26_terminal_fact_compatibility_v1_20260906/result.json,fa04368d6a6719f1b46335f6d89bbcb1ea4b38134a86248db25f4bf17bb2fe90,datasets.musique.pair_records
MuSiQue,musiquepair-b5890b756ba015b97c029a16,country,1.8359376192092896,3.4531251192092896,0.5480403135498321,0.3827564385627945,0.6801642664559184,terminal_compatibility,reports/discovery/ouro26_terminal_fact_compatibility_v1_20260906/result.json,fa04368d6a6719f1b46335f6d89bbcb1ea4b38134a86248db25f4bf17bb2fe90,datasets.musique.pair_records
MuSiQue,musiquepair-ba39025d1e2fd6840303807f,member of,3.740232229232788,3.595755696296692,0.5480403135498321,0.3827564385627945,0.6801642664559184,terminal_compatibility,reports/discovery/ouro26_terminal_fact_compatibility_v1_20260906/result.json,fa04368d6a6719f1b46335f6d89bbcb1ea4b38134a86248db25f4bf17bb2fe90,datasets.musique.pair_records
MuSiQue,musiquepair-ba3bd541d1c6e7b798dae72d,has part,-0.19150865077972412,1.5507588386535645,0.5480403135498321,0.3827564385627945,0.6801642664559184,terminal_compatibility,reports/discovery/ouro26_terminal_fact_compatibility_v1_20260906/result.json,fa04368d6a6719f1b46335f6d89bbcb1ea4b38134a86248db25f4bf17bb2fe90,datasets.musique.pair_records
MuSiQue,musiquepair-bc6addf903122802a01778de,record label,1.0890002250671387,0.46987295150756836,0.5480403135498321,0.3827564385627945,0.6801642664559184,terminal_compatibility,reports/discovery/ouro26_terminal_fact_compatibility_v1_20260906/result.json,fa04368d6a6719f1b46335f6d89bbcb1ea4b38134a86248db25f4bf17bb2fe90,datasets.musique.pair_records
MuSiQue,musiquepair-bf031fbd1e4d7de2c2f526b7,located in the administrative territorial entity,3.3064470291137695,2.10967218875885,0.5480403135498321,0.3827564385627945,0.6801642664559184,terminal_compatibility,reports/discovery/ouro26_terminal_fact_compatibility_v1_20260906/result.json,fa04368d6a6719f1b46335f6d89bbcb1ea4b38134a86248db25f4bf17bb2fe90,datasets.musique.pair_records
MuSiQue,musiquepair-c2d00b2401476a909524183c,spouse,1.2919245958328247,-0.015027046203613281,0.5480403135498321,0.3827564385627945,0.6801642664559184,terminal_compatibility,reports/discovery/ouro26_terminal_fact_compatibility_v1_20260906/result.json,fa04368d6a6719f1b46335f6d89bbcb1ea4b38134a86248db25f4bf17bb2fe90,datasets.musique.pair_records
MuSiQue,musiquepair-c468f363a5867914fde94057,shares border with,-0.30507874488830566,-0.023391246795654297,0.5480403135498321,0.3827564385627945,0.6801642664559184,terminal_compatibility,reports/discovery/ouro26_terminal_fact_compatibility_v1_20260906/result.json,fa04368d6a6719f1b46335f6d89bbcb1ea4b38134a86248db25f4bf17bb2fe90,datasets.musique.pair_records
MuSiQue,musiquepair-c751edb10eab7c78149fa62d,capital,1.0405014753341675,1.5624864101409912,0.5480403135498321,0.3827564385627945,0.6801642664559184,terminal_compatibility,reports/discovery/ouro26_terminal_fact_compatibility_v1_20260906/result.json,fa04368d6a6719f1b46335f6d89bbcb1ea4b38134a86248db25f4bf17bb2fe90,datasets.musique.pair_records
MuSiQue,musiquepair-c993f93dcde314c046608a39,located in the administrative territorial entity,1.1635152101516724,0.34792840480804443,0.5480403135498321,0.3827564385627945,0.6801642664559184,terminal_compatibility,reports/discovery/ouro26_terminal_fact_compatibility_v1_20260906/result.json,fa04368d6a6719f1b46335f6d89bbcb1ea4b38134a86248db25f4bf17bb2fe90,datasets.musique.pair_records
MuSiQue,musiquepair-ca3aaa136e49877196a5dd93,spouse,0.25134873390197754,0.24123013019561768,0.5480403135498321,0.3827564385627945,0.6801642664559184,terminal_compatibility,reports/discovery/ouro26_terminal_fact_compatibility_v1_20260906/result.json,fa04368d6a6719f1b46335f6d89bbcb1ea4b38134a86248db25f4bf17bb2fe90,datasets.musique.pair_records
MuSiQue,musiquepair-cc0d95842df4b86e464160d1,shares border with,-0.611056923866272,-0.07815361022949219,0.5480403135498321,0.3827564385627945,0.6801642664559184,terminal_compatibility,reports/discovery/ouro26_terminal_fact_compatibility_v1_20260906/result.json,fa04368d6a6719f1b46335f6d89bbcb1ea4b38134a86248db25f4bf17bb2fe90,datasets.musique.pair_records
MuSiQue,musiquepair-ccf45617d8cd102b54a699bd,has part,-0.017685651779174805,0.09328770637512207,0.5480403135498321,0.3827564385627945,0.6801642664559184,terminal_compatibility,reports/discovery/ouro26_terminal_fact_compatibility_v1_20260906/result.json,fa04368d6a6719f1b46335f6d89bbcb1ea4b38134a86248db25f4bf17bb2fe90,datasets.musique.pair_records
MuSiQue,musiquepair-ce29a29998811bcd95df175e,located in the administrative territorial entity,2.564655900001526,-0.32781410217285156,0.5480403135498321,0.3827564385627945,0.6801642664559184,terminal_compatibility,reports/discovery/ouro26_terminal_fact_compatibility_v1_20260906/result.json,fa04368d6a6719f1b46335f6d89bbcb1ea4b38134a86248db25f4bf17bb2fe90,datasets.musique.pair_records
MuSiQue,musiquepair-d11adbe9480f9e14133348a9,educated at,0.5308576822280884,1.4112825393676758,0.5480403135498321,0.3827564385627945,0.6801642664559184,terminal_compatibility,reports/discovery/ouro26_terminal_fact_compatibility_v1_20260906/result.json,fa04368d6a6719f1b46335f6d89bbcb1ea4b38134a86248db25f4bf17bb2fe90,datasets.musique.pair_records
MuSiQue,musiquepair-d1807b1b56c8be3acad74c5a,located in the administrative territorial entity,0.15411806106567383,0.4603445529937744,0.5480403135498321,0.3827564385627945,0.6801642664559184,terminal_compatibility,reports/discovery/ouro26_terminal_fact_compatibility_v1_20260906/result.json,fa04368d6a6719f1b46335f6d89bbcb1ea4b38134a86248db25f4bf17bb2fe90,datasets.musique.pair_records
MuSiQue,musiquepair-d1d758d52454e794fa08ea15,spouse,0.19187664985656738,0.1850595474243164,0.5480403135498321,0.3827564385627945,0.6801642664559184,terminal_compatibility,reports/discovery/ouro26_terminal_fact_compatibility_v1_20260906/result.json,fa04368d6a6719f1b46335f6d89bbcb1ea4b38134a86248db25f4bf17bb2fe90,datasets.musique.pair_records
MuSiQue,musiquepair-d31a4a3341575bb2c5b2e4c4,shares border with,1.697690486907959,0.7792400121688843,0.5480403135498321,0.3827564385627945,0.6801642664559184,terminal_compatibility,reports/discovery/ouro26_terminal_fact_compatibility_v1_20260906/result.json,fa04368d6a6719f1b46335f6d89bbcb1ea4b38134a86248db25f4bf17bb2fe90,datasets.musique.pair_records
MuSiQue,musiquepair-d4749b2de90c58f41467e98a,part of,2.417278528213501,2.589955687522888,0.5480403135498321,0.3827564385627945,0.6801642664559184,terminal_compatibility,reports/discovery/ouro26_terminal_fact_compatibility_v1_20260906/result.json,fa04368d6a6719f1b46335f6d89bbcb1ea4b38134a86248db25f4bf17bb2fe90,datasets.musique.pair_records
MuSiQue,musiquepair-daabc597116189afa61e3be2,located in the administrative territorial entity,2.429368257522583,4.335578918457031,0.5480403135498321,0.3827564385627945,0.6801642664559184,terminal_compatibility,reports/discovery/ouro26_terminal_fact_compatibility_v1_20260906/result.json,fa04368d6a6719f1b46335f6d89bbcb1ea4b38134a86248db25f4bf17bb2fe90,datasets.musique.pair_records
MuSiQue,musiquepair-e2b9a2563f97ebf6271c5519,place of death,1.3836971521377563,0.7418597936630249,0.5480403135498321,0.3827564385627945,0.6801642664559184,terminal_compatibility,reports/discovery/ouro26_terminal_fact_compatibility_v1_20260906/result.json,fa04368d6a6719f1b46335f6d89bbcb1ea4b38134a86248db25f4bf17bb2fe90,datasets.musique.pair_records
MuSiQue,musiquepair-e46d459fd7d3f521aa6ad24d,located in the administrative territorial entity,1.3725066184997559,1.7853682041168213,0.5480403135498321,0.3827564385627945,0.6801642664559184,terminal_compatibility,reports/discovery/ouro26_terminal_fact_compatibility_v1_20260906/result.json,fa04368d6a6719f1b46335f6d89bbcb1ea4b38134a86248db25f4bf17bb2fe90,datasets.musique.pair_records
MuSiQue,musiquepair-e49ce6f3ea74ab2d02e6d3dd,spouse,2.271592378616333,1.3206607103347778,0.5480403135498321,0.3827564385627945,0.6801642664559184,terminal_compatibility,reports/discovery/ouro26_terminal_fact_compatibility_v1_20260906/result.json,fa04368d6a6719f1b46335f6d89bbcb1ea4b38134a86248db25f4bf17bb2fe90,datasets.musique.pair_records
MuSiQue,musiquepair-e82c058ce85172e8cc82ee50,place of birth,2.15234375,0.05468738079071045,0.5480403135498321,0.3827564385627945,0.6801642664559184,terminal_compatibility,reports/discovery/ouro26_terminal_fact_compatibility_v1_20260906/result.json,fa04368d6a6719f1b46335f6d89bbcb1ea4b38134a86248db25f4bf17bb2fe90,datasets.musique.pair_records
MuSiQue,musiquepair-e9627a01c2a6df53285016c2,shares border with,0.7674204111099243,1.6947497129440308,0.5480403135498321,0.3827564385627945,0.6801642664559184,terminal_compatibility,reports/discovery/ouro26_terminal_fact_compatibility_v1_20260906/result.json,fa04368d6a6719f1b46335f6d89bbcb1ea4b38134a86248db25f4bf17bb2fe90,datasets.musique.pair_records
MuSiQue,musiquepair-e9af6e236c256d92d5a9ec62,country,1.7890625,2.2109375,0.5480403135498321,0.3827564385627945,0.6801642664559184,terminal_compatibility,reports/discovery/ouro26_terminal_fact_compatibility_v1_20260906/result.json,fa04368d6a6719f1b46335f6d89bbcb1ea4b38134a86248db25f4bf17bb2fe90,datasets.musique.pair_records
MuSiQue,musiquepair-eab741b145f903ef83394ce9,spouse,2.362775444984436,1.2899398803710938,0.5480403135498321,0.3827564385627945,0.6801642664559184,terminal_compatibility,reports/discovery/ouro26_terminal_fact_compatibility_v1_20260906/result.json,fa04368d6a6719f1b46335f6d89bbcb1ea4b38134a86248db25f4bf17bb2fe90,datasets.musique.pair_records
MuSiQue,musiquepair-eab92e74ea1c1f10b0f13452,located in the administrative territorial entity,0.10816812515258789,0.7417906522750854,0.5480403135498321,0.3827564385627945,0.6801642664559184,terminal_compatibility,reports/discovery/ouro26_terminal_fact_compatibility_v1_20260906/result.json,fa04368d6a6719f1b46335f6d89bbcb1ea4b38134a86248db25f4bf17bb2fe90,datasets.musique.pair_records
MuSiQue,musiquepair-eb4b4f3127cb2f5513abf13d,instance of,2.1281853914260864,2.557047128677368,0.5480403135498321,0.3827564385627945,0.6801642664559184,terminal_compatibility,reports/discovery/ouro26_terminal_fact_compatibility_v1_20260906/result.json,fa04368d6a6719f1b46335f6d89bbcb1ea4b38134a86248db25f4bf17bb2fe90,datasets.musique.pair_records
MuSiQue,musiquepair-f7840e67b8778d67e1d1b923,located in the administrative territorial entity,2.8902692794799805,2.8812367916107178,0.5480403135498321,0.3827564385627945,0.6801642664559184,terminal_compatibility,reports/discovery/ouro26_terminal_fact_compatibility_v1_20260906/result.json,fa04368d6a6719f1b46335f6d89bbcb1ea4b38134a86248db25f4bf17bb2fe90,datasets.musique.pair_records
MuSiQue,musiquepair-fd2df47d5ff1031b2d9a5922,located in the administrative territorial entity,-0.34901559352874756,0.4739905595779419,0.5480403135498321,0.3827564385627945,0.6801642664559184,terminal_compatibility,reports/discovery/ouro26_terminal_fact_compatibility_v1_20260906/result.json,fa04368d6a6719f1b46335f6d89bbcb1ea4b38134a86248db25f4bf17bb2fe90,datasets.musique.pair_records
MuSiQue,musiquepair-fd4f29f21090c12695f90104,record label,0.5194451808929443,0.09371685981750488,0.5480403135498321,0.3827564385627945,0.6801642664559184,terminal_compatibility,reports/discovery/ouro26_terminal_fact_compatibility_v1_20260906/result.json,fa04368d6a6719f1b46335f6d89bbcb1ea4b38134a86248db25f4bf17bb2fe90,datasets.musique.pair_records
